"pokemonId","abilityName","isHidden"
"3-n1","しんりょく","false"
"3-n2","しんりょく","false"
"3-n3","しんりょく","false"
"3-n4","もうか","false"
"3-n5","もうか","false"
"3-n6","もうか","false"
"3-n7","げきりゅう","false"
"3-n8","げきりゅう","false"
"3-n9","げきりゅう","false"
"3-n10","りんぷん","false"
"3-n11","だっぴ","false"
"3-n12","ふくがん","false"
"3-n25","せいでんき","false"
"3-n26","せいでんき","false"
"3-n26a","サーフテール","false"
"3-n27","すながくれ","false"
"3-n27a","ゆきがくれ","false"
"3-n28","すながくれ","false"
"3-n28a","ゆきがくれ","false"
"3-n29","どくのトゲ","false"
"3-n29","とうそうしん","false"
"3-n30","どくのトゲ","false"
"3-n30","とうそうしん","false"
"3-n31","どくのトゲ","false"
"3-n31","とうそうしん","false"
"3-n32","どくのトゲ","false"
"3-n32","とうそうしん","false"
"3-n33","どくのトゲ","false"
"3-n33","とうそうしん","false"
"3-n34","どくのトゲ","false"
"3-n34","とうそうしん","false"
"3-n35","メロメロボディ","false"
"3-n35","マジックガード","false"
"3-n36","メロメロボディ","false"
"3-n36","マジックガード","false"
"3-n37","もらいび","false"
"3-n37a","ゆきがくれ","false"
"3-n38","もらいび","false"
"3-n38a","ゆきがくれ","false"
"3-n39","メロメロボディ","false"
"3-n39","かちき","false"
"3-n40","メロメロボディ","false"
"3-n40","かちき","false"
"3-n41","せいしんりょく","false"
"3-n42","せいしんりょく","false"
"3-n43","ようりょくそ","false"
"3-n44","ようりょくそ","false"
"3-n45","ようりょくそ","false"
"3-n50","すながくれ","false"
"3-n50","ありじごく","false"
"3-n50a","すながくれ","false"
"3-n50a","カーリーヘアー","false"
"3-n51","すながくれ","false"
"3-n51","ありじごく","false"
"3-n51a","すながくれ","false"
"3-n51a","カーリーヘアー","false"
"3-n52","ものひろい","false"
"3-n52","テクニシャン","false"
"3-n52a","ものひろい","false"
"3-n52a","テクニシャン","false"
"3-n52g","ものひろい","false"
"3-n52g","かたいツメ","false"
"3-n53","じゅうなん","false"
"3-n53","テクニシャン","false"
"3-n53a","ファーコート","false"
"3-n53a","テクニシャン","false"
"3-n54","しめりけ","false"
"3-n54","ノーてんき","false"
"3-n55","しめりけ","false"
"3-n55","ノーてんき","false"
"3-n58","いかく","false"
"3-n58","もらいび","false"
"3-n59","いかく","false"
"3-n59","もらいび","false"
"3-n60","ちょすい","false"
"3-n60","しめりけ","false"
"3-n61","ちょすい","false"
"3-n61","しめりけ","false"
"3-n62","ちょすい","false"
"3-n62","しめりけ","false"
"3-n63","シンクロ","false"
"3-n63","せいしんりょく","false"
"3-n64","シンクロ","false"
"3-n64","せいしんりょく","false"
"3-n65","シンクロ","false"
"3-n65","せいしんりょく","false"
"3-n66","こんじょう","false"
"3-n66","ノーガード","false"
"3-n67","こんじょう","false"
"3-n67","ノーガード","false"
"3-n68","こんじょう","false"
"3-n68","ノーガード","false"
"3-n72","クリアボディ","false"
"3-n72","ヘドロえき","false"
"3-n73","クリアボディ","false"
"3-n73","ヘドロえき","false"
"3-n77","にげあし","false"
"3-n77","もらいび","false"
"3-n77g","にげあし","false"
"3-n77g","パステルベール","false"
"3-n78","にげあし","false"
"3-n78","もらいび","false"
"3-n78g","にげあし","false"
"3-n78g","パステルベール","false"
"3-n79","どんかん","false"
"3-n79","マイペース","false"
"3-n79g","くいしんぼう","false"
"3-n79g","マイペース","false"
"3-n80","どんかん","false"
"3-n80","マイペース","false"
"3-n80g","クイックドロウ","false"
"3-n80g","マイペース","false"
"3-n81","じりょく","false"
"3-n81","がんじょう","false"
"3-n82","じりょく","false"
"3-n82","がんじょう","false"
"3-n83","するどいめ","false"
"3-n83","せいしんりょく","false"
"3-n83g","ふくつのこころ","false"
"3-n90","シェルアーマー","false"
"3-n90","スキルリンク","false"
"3-n91","シェルアーマー","false"
"3-n91","スキルリンク","false"
"3-n92","ふゆう","false"
"3-n93","ふゆう","false"
"3-n94","のろわれボディ","false"
"3-n95","いしあたま","false"
"3-n95","がんじょう","false"
"3-n98","かいりきバサミ","false"
"3-n98","シェルアーマー","false"
"3-n99","かいりきバサミ","false"
"3-n99","シェルアーマー","false"
"3-n102","ようりょくそ","false"
"3-n103","ようりょくそ","false"
"3-n103a","おみとおし","false"
"3-n104","いしあたま","false"
"3-n104","ひらいしん","false"
"3-n105","いしあたま","false"
"3-n105","ひらいしん","false"
"3-n105a","のろわれボディ","false"
"3-n105a","ひらいしん","false"
"3-n106","じゅうなん","false"
"3-n106","すてみ","false"
"3-n107","するどいめ","false"
"3-n107","てつのこぶし","false"
"3-n108","マイペース","false"
"3-n108","どんかん","false"
"3-n109","ふゆう","false"
"3-n109","かがくへんかガス","false"
"3-n110","ふゆう","false"
"3-n110","かがくへんかガス","false"
"3-n110g","ふゆう","false"
"3-n110g","かがくへんかガス","false"
"3-n111","ひらいしん","false"
"3-n111","いしあたま","false"
"3-n112","ひらいしん","false"
"3-n112","いしあたま","false"
"3-n113","しぜんかいふく","false"
"3-n113","てんのめぐみ","false"
"3-n114","ようりょくそ","false"
"3-n114","リーフガード","false"
"3-n115","はやおき","false"
"3-n115","きもったま","false"
"3-n116","すいすい","false"
"3-n116","スナイパー","false"
"3-n117","どくのトゲ","false"
"3-n117","スナイパー","false"
"3-n118","すいすい","false"
"3-n118","みずのベール","false"
"3-n119","すいすい","false"
"3-n119","みずのベール","false"
"3-n120","はっこう","false"
"3-n120","しぜんかいふく","false"
"3-n121","はっこう","false"
"3-n121","しぜんかいふく","false"
"3-n122","ぼうおん","false"
"3-n122","フィルター","false"
"3-n122g","やるき","false"
"3-n122g","バリアフリー","false"
"3-n123","むしのしらせ","false"
"3-n123","テクニシャン","false"
"3-n124","どんかん","false"
"3-n124","よちむ","false"
"3-n125","せいでんき","false"
"3-n126","ほのおのからだ","false"
"3-n127","かいりきバサミ","false"
"3-n127","かたやぶり","false"
"3-n128","いかく","false"
"3-n128","いかりのつぼ","false"
"3-n129","すいすい","false"
"3-n130","いかく","false"
"3-n131","ちょすい","false"
"3-n131","シェルアーマー","false"
"3-n132","じゅうなん","false"
"3-n133","にげあし","false"
"3-n133","てきおうりょく","false"
"3-n134","ちょすい","false"
"3-n135","ちくでん","false"
"3-n136","もらいび","false"
"3-n137","トレース","false"
"3-n137","ダウンロード","false"
"3-n138","すいすい","false"
"3-n138","シェルアーマー","false"
"3-n139","すいすい","false"
"3-n139","シェルアーマー","false"
"3-n140","すいすい","false"
"3-n140","カブトアーマー","false"
"3-n141","すいすい","false"
"3-n141","カブトアーマー","false"
"3-n142","いしあたま","false"
"3-n142","プレッシャー","false"
"3-n143","めんえき","false"
"3-n143","あついしぼう","false"
"3-n144","プレッシャー","false"
"3-n144g","かちき","false"
"3-n145","プレッシャー","false"
"3-n145g","まけんき","false"
"3-n146","プレッシャー","false"
"3-n146g","ぎゃくじょう","false"
"3-n147","だっぴ","false"
"3-n148","だっぴ","false"
"3-n149","せいしんりょく","false"
"3-n150","プレッシャー","false"
"3-n151","シンクロ","false"
"3-n163","ふみん","false"
"3-n163","するどいめ","false"
"3-n164","ふみん","false"
"3-n164","するどいめ","false"
"3-n169","せいしんりょく","false"
"3-n170","ちくでん","false"
"3-n170","はっこう","false"
"3-n171","ちくでん","false"
"3-n171","はっこう","false"
"3-n172","せいでんき","false"
"3-n173","メロメロボディ","false"
"3-n173","マジックガード","false"
"3-n174","メロメロボディ","false"
"3-n174","かちき","false"
"3-n175","はりきり","false"
"3-n175","てんのめぐみ","false"
"3-n176","はりきり","false"
"3-n176","てんのめぐみ","false"
"3-n177","シンクロ","false"
"3-n177","はやおき","false"
"3-n178","シンクロ","false"
"3-n178","はやおき","false"
"3-n182","ようりょくそ","false"
"3-n183","あついしぼう","false"
"3-n183","ちからもち","false"
"3-n184","あついしぼう","false"
"3-n184","ちからもち","false"
"3-n185","がんじょう","false"
"3-n185","いしあたま","false"
"3-n186","ちょすい","false"
"3-n186","しめりけ","false"
"3-n194","しめりけ","false"
"3-n194","ちょすい","false"
"3-n195","しめりけ","false"
"3-n195","ちょすい","false"
"3-n196","シンクロ","false"
"3-n197","シンクロ","false"
"3-n199","どんかん","false"
"3-n199","マイペース","false"
"3-n199g","きみょうなくすり","false"
"3-n199g","マイペース","false"
"3-n202","かげふみ","false"
"3-n206","てんのめぐみ","false"
"3-n206","にげあし","false"
"3-n208","いしあたま","false"
"3-n208","がんじょう","false"
"3-n211","どくのトゲ","false"
"3-n211","すいすい","false"
"3-n212","むしのしらせ","false"
"3-n212","テクニシャン","false"
"3-n213","がんじょう","false"
"3-n213","くいしんぼう","false"
"3-n214","むしのしらせ","false"
"3-n214","こんじょう","false"
"3-n215","せいしんりょく","false"
"3-n215","するどいめ","false"
"3-n220","どんかん","false"
"3-n220","ゆきがくれ","false"
"3-n221","どんかん","false"
"3-n221","ゆきがくれ","false"
"3-n222","はりきり","false"
"3-n222","しぜんかいふく","false"
"3-n222g","くだけるよろい","false"
"3-n223","はりきり","false"
"3-n223","スナイパー","false"
"3-n224","きゅうばん","false"
"3-n224","スナイパー","false"
"3-n225","やるき","false"
"3-n225","はりきり","false"
"3-n226","すいすい","false"
"3-n226","ちょすい","false"
"3-n227","するどいめ","false"
"3-n227","がんじょう","false"
"3-n230","すいすい","false"
"3-n230","スナイパー","false"
"3-n233","トレース","false"
"3-n233","ダウンロード","false"
"3-n236","こんじょう","false"
"3-n236","ふくつのこころ","false"
"3-n237","いかく","false"
"3-n237","テクニシャン","false"
"3-n238","どんかん","false"
"3-n238","よちむ","false"
"3-n239","せいでんき","false"
"3-n240","ほのおのからだ","false"
"3-n241","あついしぼう","false"
"3-n241","きもったま","false"
"3-n242","しぜんかいふく","false"
"3-n242","てんのめぐみ","false"
"3-n243","プレッシャー","false"
"3-n244","プレッシャー","false"
"3-n245","プレッシャー","false"
"3-n246","こんじょう","false"
"3-n247","だっぴ","false"
"3-n248","すなおこし","false"
"3-n249","プレッシャー","false"
"3-n250","プレッシャー","false"
"3-n251","しぜんかいふく","false"
"3-n252","しんりょく","false"
"3-n253","しんりょく","false"
"3-n254","しんりょく","false"
"3-n255","もうか","false"
"3-n256","もうか","false"
"3-n257","もうか","false"
"3-n258","げきりゅう","false"
"3-n259","げきりゅう","false"
"3-n260","げきりゅう","false"
"3-n263","ものひろい","false"
"3-n263","くいしんぼう","false"
"3-n263g","ものひろい","false"
"3-n263g","くいしんぼう","false"
"3-n264","ものひろい","false"
"3-n264","くいしんぼう","false"
"3-n264g","ものひろい","false"
"3-n264g","くいしんぼう","false"
"3-n270","すいすい","false"
"3-n270","あめうけざら","false"
"3-n271","すいすい","false"
"3-n271","あめうけざら","false"
"3-n272","すいすい","false"
"3-n272","あめうけざら","false"
"3-n273","ようりょくそ","false"
"3-n273","はやおき","false"
"3-n274","ようりょくそ","false"
"3-n274","はやおき","false"
"3-n275","ようりょくそ","false"
"3-n275","はやおき","false"
"3-n278","するどいめ","false"
"3-n278","うるおいボディ","false"
"3-n279","するどいめ","false"
"3-n279","あめふらし","false"
"3-n280","シンクロ","false"
"3-n280","トレース","false"
"3-n281","シンクロ","false"
"3-n281","トレース","false"
"3-n282","シンクロ","false"
"3-n282","トレース","false"
"3-n290","ふくがん","false"
"3-n291","かそく","false"
"3-n292","ふしぎなまもり","false"
"3-n293","ぼうおん","false"
"3-n294","ぼうおん","false"
"3-n295","ぼうおん","false"
"3-n298","あついしぼう","false"
"3-n298","ちからもち","false"
"3-n302","するどいめ","false"
"3-n302","あとだし","false"
"3-n303","かいりきバサミ","false"
"3-n303","いかく","false"
"3-n304","がんじょう","false"
"3-n304","いしあたま","false"
"3-n305","がんじょう","false"
"3-n305","いしあたま","false"
"3-n306","がんじょう","false"
"3-n306","いしあたま","false"
"3-n309","せいでんき","false"
"3-n309","ひらいしん","false"
"3-n310","せいでんき","false"
"3-n310","ひらいしん","false"
"3-n315","しぜんかいふく","false"
"3-n315","どくのトゲ","false"
"3-n318","さめはだ","false"
"3-n319","さめはだ","false"
"3-n320","みずのベール","false"
"3-n320","どんかん","false"
"3-n321","みずのベール","false"
"3-n321","どんかん","false"
"3-n324","しろいけむり","false"
"3-n324","ひでり","false"
"3-n328","かいりきバサミ","false"
"3-n328","ありじごく","false"
"3-n329","ふゆう","false"
"3-n330","ふゆう","false"
"3-n333","しぜんかいふく","false"
"3-n334","しぜんかいふく","false"
"3-n337","ふゆう","false"
"3-n338","ふゆう","false"
"3-n339","どんかん","false"
"3-n339","きけんよち","false"
"3-n340","どんかん","false"
"3-n340","きけんよち","false"
"3-n341","かいりきバサミ","false"
"3-n341","シェルアーマー","false"
"3-n342","かいりきバサミ","false"
"3-n342","シェルアーマー","false"
"3-n343","ふゆう","false"
"3-n344","ふゆう","false"
"3-n345","きゅうばん","false"
"3-n346","きゅうばん","false"
"3-n347","カブトアーマー","false"
"3-n348","カブトアーマー","false"
"3-n349","すいすい","false"
"3-n349","どんかん","false"
"3-n350","ふしぎなうろこ","false"
"3-n350","かちき","false"
"3-n355","ふゆう","false"
"3-n356","プレッシャー","false"
"3-n359","プレッシャー","false"
"3-n359","きょううん","false"
"3-n360","かげふみ","false"
"3-n361","せいしんりょく","false"
"3-n361","アイスボディ","false"
"3-n362","せいしんりょく","false"
"3-n362","アイスボディ","false"
"3-n363","あついしぼう","false"
"3-n363","アイスボディ","false"
"3-n364","あついしぼう","false"
"3-n364","アイスボディ","false"
"3-n365","あついしぼう","false"
"3-n365","アイスボディ","false"
"3-n369","すいすい","false"
"3-n369","いしあたま","false"
"3-n371","いしあたま","false"
"3-n372","いしあたま","false"
"3-n373","いかく","false"
"3-n374","クリアボディ","false"
"3-n375","クリアボディ","false"
"3-n376","クリアボディ","false"
"3-n377","クリアボディ","false"
"3-n378","クリアボディ","false"
"3-n379","クリアボディ","false"
"3-n380","ふゆう","false"
"3-n381","ふゆう","false"
"3-n382","あめふらし","false"
"3-n383","ひでり","false"
"3-n384","エアロック","false"
"3-n385","てんのめぐみ","false"
"3-n403","とうそうしん","false"
"3-n403","いかく","false"
"3-n404","とうそうしん","false"
"3-n404","いかく","false"
"3-n405","とうそうしん","false"
"3-n405","いかく","false"
"3-n406","しぜんかいふく","false"
"3-n406","どくのトゲ","false"
"3-n407","しぜんかいふく","false"
"3-n407","どくのトゲ","false"
"3-n415","みつあつめ","false"
"3-n416","プレッシャー","false"
"3-n420","ようりょくそ","false"
"3-n421","フラワーギフト","false"
"3-n422","ねんちゃく","false"
"3-n422","よびみず","false"
"3-n423","ねんちゃく","false"
"3-n423","よびみず","false"
"3-n425","ゆうばく","false"
"3-n425","かるわざ","false"
"3-n426","ゆうばく","false"
"3-n426","かるわざ","false"
"3-n427","にげあし","false"
"3-n427","ぶきよう","false"
"3-n428","メロメロボディ","false"
"3-n428","ぶきよう","false"
"3-n434","あくしゅう","false"
"3-n434","ゆうばく","false"
"3-n435","あくしゅう","false"
"3-n435","ゆうばく","false"
"3-n436","ふゆう","false"
"3-n436","たいねつ","false"
"3-n437","ふゆう","false"
"3-n437","たいねつ","false"
"3-n438","がんじょう","false"
"3-n438","いしあたま","false"
"3-n439","ぼうおん","false"
"3-n439","フィルター","false"
"3-n440","しぜんかいふく","false"
"3-n440","てんのめぐみ","false"
"3-n442","プレッシャー","false"
"3-n443","すながくれ","false"
"3-n444","すながくれ","false"
"3-n445","すながくれ","false"
"3-n446","ものひろい","false"
"3-n446","あついしぼう","false"
"3-n447","ふくつのこころ","false"
"3-n447","せいしんりょく","false"
"3-n448","ふくつのこころ","false"
"3-n448","せいしんりょく","false"
"3-n449","すなおこし","false"
"3-n450","すなおこし","false"
"3-n451","カブトアーマー","false"
"3-n451","スナイパー","false"
"3-n452","カブトアーマー","false"
"3-n452","スナイパー","false"
"3-n453","きけんよち","false"
"3-n453","かんそうはだ","false"
"3-n454","きけんよち","false"
"3-n454","かんそうはだ","false"
"3-n458","すいすい","false"
"3-n458","ちょすい","false"
"3-n459","ゆきふらし","false"
"3-n460","ゆきふらし","false"
"3-n461","プレッシャー","false"
"3-n462","じりょく","false"
"3-n462","がんじょう","false"
"3-n463","マイペース","false"
"3-n463","どんかん","false"
"3-n464","ひらいしん","false"
"3-n464","ハードロック","false"
"3-n465","ようりょくそ","false"
"3-n465","リーフガード","false"
"3-n466","でんきエンジン","false"
"3-n467","ほのおのからだ","false"
"3-n468","はりきり","false"
"3-n468","てんのめぐみ","false"
"3-n470","リーフガード","false"
"3-n471","ゆきがくれ","false"
"3-n473","どんかん","false"
"3-n473","ゆきがくれ","false"
"3-n474","てきおうりょく","false"
"3-n474","ダウンロード","false"
"3-n475","ふくつのこころ","false"
"3-n477","プレッシャー","false"
"3-n478","ゆきがくれ","false"
"3-n479","ふゆう","false"
"3-n479h","ふゆう","false"
"3-n479w","ふゆう","false"
"3-n479f","ふゆう","false"
"3-n479s","ふゆう","false"
"3-n479c","ふゆう","false"
"3-n480","ふゆう","false"
"3-n481","ふゆう","false"
"3-n482","ふゆう","false"
"3-n483","プレッシャー","false"
"3-n484","プレッシャー","false"
"3-n485","もらいび","false"
"3-n486","スロースタート","false"
"3-n487","プレッシャー","false"
"3-n487o","ふゆう","false"
"3-n488","ふゆう","false"
"3-n494","しょうりのほし","false"
"3-n506","やるき","false"
"3-n506","ものひろい","false"
"3-n507","いかく","false"
"3-n507","すなかき","false"
"3-n508","いかく","false"
"3-n508","すなかき","false"
"3-n509","じゅうなん","false"
"3-n509","かるわざ","false"
"3-n510","じゅうなん","false"
"3-n510","かるわざ","false"
"3-n517","よちむ","false"
"3-n517","シンクロ","false"
"3-n518","よちむ","false"
"3-n518","シンクロ","false"
"3-n519","はとむね","false"
"3-n519","きょううん","false"
"3-n520","はとむね","false"
"3-n520","きょううん","false"
"3-n521","はとむね","false"
"3-n521","きょううん","false"
"3-n524","がんじょう","false"
"3-n524","くだけるよろい","false"
"3-n525","がんじょう","false"
"3-n525","くだけるよろい","false"
"3-n526","がんじょう","false"
"3-n526","すなおこし","false"
"3-n527","てんねん","false"
"3-n527","ぶきよう","false"
"3-n528","てんねん","false"
"3-n528","ぶきよう","false"
"3-n529","すなかき","false"
"3-n529","すなのちから","false"
"3-n530","すなかき","false"
"3-n530","すなのちから","false"
"3-n531","いやしのこころ","false"
"3-n531","さいせいりょく","false"
"3-n532","こんじょう","false"
"3-n532","ちからずく","false"
"3-n533","こんじょう","false"
"3-n533","ちからずく","false"
"3-n534","こんじょう","false"
"3-n534","ちからずく","false"
"3-n535","すいすい","false"
"3-n535","うるおいボディ","false"
"3-n536","すいすい","false"
"3-n536","うるおいボディ","false"
"3-n537","すいすい","false"
"3-n537","どくしゅ","false"
"3-n538","こんじょう","false"
"3-n538","せいしんりょく","false"
"3-n539","がんじょう","false"
"3-n539","せいしんりょく","false"
"3-n543","どくのトゲ","false"
"3-n543","むしのしらせ","false"
"3-n544","どくのトゲ","false"
"3-n544","むしのしらせ","false"
"3-n545","どくのトゲ","false"
"3-n545","むしのしらせ","false"
"3-n546","いたずらごころ","false"
"3-n546","すりぬけ","false"
"3-n547","いたずらごころ","false"
"3-n547","すりぬけ","false"
"3-n548","ようりょくそ","false"
"3-n548","マイペース","false"
"3-n549","ようりょくそ","false"
"3-n549","マイペース","false"
"3-n550","すてみ","false"
"3-n550","てきおうりょく","false"
"3-n550f","いしあたま","false"
"3-n550f","てきおうりょく","false"
"3-n551","いかく","false"
"3-n551","じしんかじょう","false"
"3-n552","いかく","false"
"3-n552","じしんかじょう","false"
"3-n553","いかく","false"
"3-n553","じしんかじょう","false"
"3-n554","はりきり","false"
"3-n554g","はりきり","false"
"3-n555","ちからずく","false"
"3-n555f","ちからずく","false"
"3-n555g","ごりむちゅう","false"
"3-n555h","ごりむちゅう","false"
"3-n556","ちょすい","false"
"3-n556","ようりょくそ","false"
"3-n557","がんじょう","false"
"3-n557","シェルアーマー","false"
"3-n558","がんじょう","false"
"3-n558","シェルアーマー","false"
"3-n559","だっぴ","false"
"3-n559","じしんかじょう","false"
"3-n560","だっぴ","false"
"3-n560","じしんかじょう","false"
"3-n561","ミラクルスキン","false"
"3-n561","マジックガード","false"
"3-n562","ミイラ","false"
"3-n562g","さまようたましい","false"
"3-n563","ミイラ","false"
"3-n564","ハードロック","false"
"3-n564","がんじょう","false"
"3-n565","ハードロック","false"
"3-n565","がんじょう","false"
"3-n566","よわき","false"
"3-n567","よわき","false"
"3-n568","あくしゅう","false"
"3-n568","ねんちゃく","false"
"3-n569","あくしゅう","false"
"3-n569","くだけるよろい","false"
"3-n570","イリュージョン","false"
"3-n571","イリュージョン","false"
"3-n572","メロメロボディ","false"
"3-n572","テクニシャン","false"
"3-n573","メロメロボディ","false"
"3-n573","テクニシャン","false"
"3-n574","おみとおし","false"
"3-n574","かちき","false"
"3-n575","おみとおし","false"
"3-n575","かちき","false"
"3-n576","おみとおし","false"
"3-n576","かちき","false"
"3-n577","ぼうじん","false"
"3-n577","マジックガード","false"
"3-n578","ぼうじん","false"
"3-n578","マジックガード","false"
"3-n579","ぼうじん","false"
"3-n579","マジックガード","false"
"3-n582","アイスボディ","false"
"3-n582","ゆきがくれ","false"
"3-n583","アイスボディ","false"
"3-n583","ゆきがくれ","false"
"3-n584","アイスボディ","false"
"3-n584","ゆきふらし","false"
"3-n587","せいでんき","false"
"3-n588","むしのしらせ","false"
"3-n588","だっぴ","false"
"3-n589","むしのしらせ","false"
"3-n589","シェルアーマー","false"
"3-n590","ほうし","false"
"3-n591","ほうし","false"
"3-n592","ちょすい","false"
"3-n592","のろわれボディ","false"
"3-n593","ちょすい","false"
"3-n593","のろわれボディ","false"
"3-n595","ふくがん","false"
"3-n595","きんちょうかん","false"
"3-n596","ふくがん","false"
"3-n596","きんちょうかん","false"
"3-n597","てつのトゲ","false"
"3-n598","てつのトゲ","false"
"3-n599","プラス","false"
"3-n599","マイナス","false"
"3-n600","プラス","false"
"3-n600","マイナス","false"
"3-n601","プラス","false"
"3-n601","マイナス","false"
"3-n605","テレパシー","false"
"3-n605","シンクロ","false"
"3-n606","テレパシー","false"
"3-n606","シンクロ","false"
"3-n607","もらいび","false"
"3-n607","ほのおのからだ","false"
"3-n608","もらいび","false"
"3-n608","ほのおのからだ","false"
"3-n609","もらいび","false"
"3-n609","ほのおのからだ","false"
"3-n610","とうそうしん","false"
"3-n610","かたやぶり","false"
"3-n611","とうそうしん","false"
"3-n611","かたやぶり","false"
"3-n612","とうそうしん","false"
"3-n612","かたやぶり","false"
"3-n613","ゆきがくれ","false"
"3-n613","ゆきかき","false"
"3-n614","ゆきがくれ","false"
"3-n614","ゆきかき","false"
"3-n615","ふゆう","false"
"3-n616","うるおいボディ","false"
"3-n616","シェルアーマー","false"
"3-n617","うるおいボディ","false"
"3-n617","ねんちゃく","false"
"3-n618","せいでんき","false"
"3-n618","じゅうなん","false"
"3-n618g","ぎたい","false"
"3-n619","せいしんりょく","false"
"3-n619","さいせいりょく","false"
"3-n620","せいしんりょく","false"
"3-n620","さいせいりょく","false"
"3-n621","さめはだ","false"
"3-n621","ちからずく","false"
"3-n622","てつのこぶし","false"
"3-n622","ぶきよう","false"
"3-n623","てつのこぶし","false"
"3-n623","ぶきよう","false"
"3-n624","まけんき","false"
"3-n624","せいしんりょく","false"
"3-n625","まけんき","false"
"3-n625","せいしんりょく","false"
"3-n626","すてみ","false"
"3-n626","そうしょく","false"
"3-n627","するどいめ","false"
"3-n627","ちからずく","false"
"3-n628","するどいめ","false"
"3-n628","ちからずく","false"
"3-n629","はとむね","false"
"3-n629","ぼうじん","false"
"3-n630","はとむね","false"
"3-n630","ぼうじん","false"
"3-n631","くいしんぼう","false"
"3-n631","もらいび","false"
"3-n632","むしのしらせ","false"
"3-n632","はりきり","false"
"3-n633","はりきり","false"
"3-n634","はりきり","false"
"3-n635","ふゆう","false"
"3-n636","ほのおのからだ","false"
"3-n637","ほのおのからだ","false"
"3-n638","せいぎのこころ","false"
"3-n639","せいぎのこころ","false"
"3-n640","せいぎのこころ","false"
"3-n641","いたずらごころ","false"
"3-n641a","さいせいりょく","false"
"3-n642","いたずらごころ","false"
"3-n642a","ちくでん","false"
"3-n643","ターボブレイズ","false"
"3-n644","テラボルテージ","false"
"3-n645","すなのちから","false"
"3-n645a","いかく","false"
"3-n646","プレッシャー","false"
"3-n646w","ターボブレイズ","false"
"3-n646b","テラボルテージ","false"
"3-n647","せいぎのこころ","false"
"3-n647k","せいぎのこころ","false"
"3-n649","ダウンロード","false"
"3-n659","ものひろい","false"
"3-n659","ほおぶくろ","false"
"3-n660","ものひろい","false"
"3-n660","ほおぶくろ","false"
"3-n661","はとむね","false"
"3-n662","ほのおのからだ","false"
"3-n663","ほのおのからだ","false"
"3-n674","てつのこぶし","false"
"3-n674","かたやぶり","false"
"3-n675","てつのこぶし","false"
"3-n675","かたやぶり","false"
"3-n677","するどいめ","false"
"3-n677","すりぬけ","false"
"3-n678","するどいめ","false"
"3-n678","すりぬけ","false"
"3-n678f","するどいめ","false"
"3-n678f","すりぬけ","false"
"3-n679","ノーガード","false"
"3-n680","ノーガード","false"
"3-n681","バトルスイッチ","false"
"3-n681b","バトルスイッチ","false"
"3-n682","いやしのこころ","false"
"3-n683","いやしのこころ","false"
"3-n684","スイートベール","false"
"3-n685","スイートベール","false"
"3-n686","あまのじゃく","false"
"3-n686","きゅうばん","false"
"3-n687","あまのじゃく","false"
"3-n687","きゅうばん","false"
"3-n688","かたいツメ","false"
"3-n688","スナイパー","false"
"3-n689","かたいツメ","false"
"3-n689","スナイパー","false"
"3-n690","どくのトゲ","false"
"3-n690","どくしゅ","false"
"3-n691","どくのトゲ","false"
"3-n691","どくしゅ","false"
"3-n692","メガランチャー","false"
"3-n693","メガランチャー","false"
"3-n694","かんそうはだ","false"
"3-n694","すながくれ","false"
"3-n695","かんそうはだ","false"
"3-n695","すながくれ","false"
"3-n696","がんじょうあご","false"
"3-n697","がんじょうあご","false"
"3-n698","フリーズスキン","false"
"3-n699","フリーズスキン","false"
"3-n700","メロメロボディ","false"
"3-n701","じゅうなん","false"
"3-n701","かるわざ","false"
"3-n702","ほおぶくろ","false"
"3-n702","ものひろい","false"
"3-n703","クリアボディ","false"
"3-n704","そうしょく","false"
"3-n704","うるおいボディ","false"
"3-n705","そうしょく","false"
"3-n705","うるおいボディ","false"
"3-n706","そうしょく","false"
"3-n706","うるおいボディ","false"
"3-n707","いたずらごころ","false"
"3-n708","しぜんかいふく","false"
"3-n708","おみとおし","false"
"3-n709","しぜんかいふく","false"
"3-n709","おみとおし","false"
"3-n710","ものひろい","false"
"3-n710","おみとおし","false"
"3-n710s","ものひろい","false"
"3-n710s","おみとおし","false"
"3-n710l","ものひろい","false"
"3-n710l","おみとおし","false"
"3-n710k","ものひろい","false"
"3-n710k","おみとおし","false"
"3-n711","ものひろい","false"
"3-n711","おみとおし","false"
"3-n711s","ものひろい","false"
"3-n711s","おみとおし","false"
"3-n711l","ものひろい","false"
"3-n711l","おみとおし","false"
"3-n711k","ものひろい","false"
"3-n711k","おみとおし","false"
"3-n712","マイペース","false"
"3-n712","アイスボディ","false"
"3-n713","マイペース","false"
"3-n713","アイスボディ","false"
"3-n714","おみとおし","false"
"3-n714","すりぬけ","false"
"3-n715","おみとおし","false"
"3-n715","すりぬけ","false"
"3-n716","フェアリーオーラ","false"
"3-n717","ダークオーラ","false"
"3-n718","オーラブレイク","false"
"3-n718t","オーラブレイク","false"
"3-n718c","スワームチェンジ","false"
"3-n719","クリアボディ","false"
"3-n721","ちょすい","false"
"3-n722","しんりょく","false"
"3-n723","しんりょく","false"
"3-n724","しんりょく","false"
"3-n725","もうか","false"
"3-n726","もうか","false"
"3-n727","もうか","false"
"3-n728","げきりゅう","false"
"3-n729","げきりゅう","false"
"3-n730","げきりゅう","false"
"3-n736","むしのしらせ","false"
"3-n737","バッテリー","false"
"3-n738","ふゆう","false"
"3-n742","みつあつめ","false"
"3-n742","りんぷん","false"
"3-n743","みつあつめ","false"
"3-n743","りんぷん","false"
"3-n744","するどいめ","false"
"3-n744","やるき","false"
"3-n745","するどいめ","false"
"3-n745","すなかき","false"
"3-n745f","するどいめ","false"
"3-n745f","やるき","false"
"3-n745d","かたいツメ","false"
"3-n746","ぎょぐん","false"
"3-n746f","ぎょぐん","false"
"3-n747","ひとでなし","false"
"3-n747","じゅうなん","false"
"3-n748","ひとでなし","false"
"3-n748","じゅうなん","false"
"3-n749","マイペース","false"
"3-n749","じきゅうりょく","false"
"3-n750","マイペース","false"
"3-n750","じきゅうりょく","false"
"3-n751","すいほう","false"
"3-n752","すいほう","false"
"3-n753","リーフガード","false"
"3-n754","リーフガード","false"
"3-n755","はっこう","false"
"3-n755","ほうし","false"
"3-n756","はっこう","false"
"3-n756","ほうし","false"
"3-n757","ふしょく","false"
"3-n758","ふしょく","false"
"3-n759","もふもふ","false"
"3-n759","ぶきよう","false"
"3-n760","もふもふ","false"
"3-n760","ぶきよう","false"
"3-n761","リーフガード","false"
"3-n761","どんかん","false"
"3-n762","リーフガード","false"
"3-n762","どんかん","false"
"3-n763","リーフガード","false"
"3-n763","じょおうのいげん","false"
"3-n764","フラワーベール","false"
"3-n764","ヒーリングシフト","false"
"3-n765","せいしんりょく","false"
"3-n765","テレパシー","false"
"3-n766","レシーバー","false"
"3-n767","にげごし","false"
"3-n768","ききかいひ","false"
"3-n769","みずがため","false"
"3-n770","みずがため","false"
"3-n771","とびだすなかみ","false"
"3-n772","カブトアーマー","false"
"3-n773","ARシステム","false"
"3-n773a","ARシステム","false"
"3-n773b","ARシステム","false"
"3-n773c","ARシステム","false"
"3-n773d","ARシステム","false"
"3-n773e","ARシステム","false"
"3-n773f","ARシステム","false"
"3-n773g","ARシステム","false"
"3-n773h","ARシステム","false"
"3-n773i","ARシステム","false"
"3-n773j","ARシステム","false"
"3-n773k","ARシステム","false"
"3-n773l","ARシステム","false"
"3-n773m","ARシステム","false"
"3-n773n","ARシステム","false"
"3-n773o","ARシステム","false"
"3-n773p","ARシステム","false"
"3-n773q","ARシステム","false"
"3-n776","シェルアーマー","false"
"3-n777","てつのトゲ","false"
"3-n777","ひらいしん","false"
"3-n778","ばけのかわ","false"
"3-n780","ぎゃくじょう","false"
"3-n780","そうしょく","false"
"3-n781","はがねつかい","false"
"3-n782","ぼうだん","false"
"3-n782","ぼうおん","false"
"3-n783","ぼうだん","false"
"3-n783","ぼうおん","false"
"3-n784","ぼうだん","false"
"3-n784","ぼうおん","false"
"3-n785","エレキメイカー","false"
"3-n786","サイコメイカー","false"
"3-n787","グラスメイカー","false"
"3-n788","ミストメイカー","false"
"3-n789","てんねん","false"
"3-n790","がんじょう","false"
"3-n791","メタルプロテクト","false"
"3-n792","ファントムガード","false"
"3-n793","ビーストブースト","false"
"3-n794","ビーストブースト","false"
"3-n795","ビーストブースト","false"
"3-n796","ビーストブースト","false"
"3-n797","ビーストブースト","false"
"3-n798","ビーストブースト","false"
"3-n799","ビーストブースト","false"
"3-n800","プリズムアーマー","false"
"3-n800s","プリズムアーマー","false"
"3-n800m","プリズムアーマー","false"
"3-n801","ソウルハート","false"
"3-n802","テクニシャン","false"
"3-n803","ビーストブースト","false"
"3-n804","ビーストブースト","false"
"3-n805","ビーストブースト","false"
"3-n806","ビーストブースト","false"
"3-n807","ちくでん","false"
"3-n808","じりょく","false"
"3-n809","てつのこぶし","false"
"3-n810","しんりょく","false"
"3-n811","しんりょく","false"
"3-n812","しんりょく","false"
"3-n813","もうか","false"
"3-n814","もうか","false"
"3-n815","もうか","false"
"3-n816","げきりゅう","false"
"3-n817","げきりゅう","false"
"3-n818","げきりゅう","false"
"3-n819","ほおぶくろ","false"
"3-n820","ほおぶくろ","false"
"3-n821","するどいめ","false"
"3-n821","きんちょうかん","false"
"3-n822","するどいめ","false"
"3-n822","きんちょうかん","false"
"3-n823","プレッシャー","false"
"3-n823","きんちょうかん","false"
"3-n824","むしのしらせ","false"
"3-n824","ふくがん","false"
"3-n825","むしのしらせ","false"
"3-n825","ふくがん","false"
"3-n826","むしのしらせ","false"
"3-n826","おみとおし","false"
"3-n827","にげあし","false"
"3-n827","かるわざ","false"
"3-n828","にげあし","false"
"3-n828","かるわざ","false"
"3-n829","わたげ","false"
"3-n829","さいせいりょく","false"
"3-n830","わたげ","false"
"3-n830","さいせいりょく","false"
"3-n831","もふもふ","false"
"3-n831","にげあし","false"
"3-n832","もふもふ","false"
"3-n832","ふくつのこころ","false"
"3-n833","がんじょうあご","false"
"3-n833","シェルアーマー","false"
"3-n834","がんじょうあご","false"
"3-n834","シェルアーマー","false"
"3-n835","たまひろい","false"
"3-n836","がんじょうあご","false"
"3-n837","じょうききかん","false"
"3-n837","たいねつ","false"
"3-n838","じょうききかん","false"
"3-n838","ほのおのからだ","false"
"3-n839","じょうききかん","false"
"3-n839","ほのおのからだ","false"
"3-n840","じゅくせい","false"
"3-n840","くいしんぼう","false"
"3-n841","じゅくせい","false"
"3-n841","くいしんぼう","false"
"3-n842","じゅくせい","false"
"3-n842","くいしんぼう","false"
"3-n843","すなはき","false"
"3-n843","だっぴ","false"
"3-n844","すなはき","false"
"3-n844","だっぴ","false"
"3-n845","うのミサイル","false"
"3-n846","すいすい","false"
"3-n847","すいすい","false"
"3-n848","びびり","false"
"3-n848","せいでんき","false"
"3-n849","パンクロック","false"
"3-n849","プラス","false"
"3-n849f","パンクロック","false"
"3-n849f","マイナス","false"
"3-n850","もらいび","false"
"3-n850","しろいけむり","false"
"3-n851","もらいび","false"
"3-n851","しろいけむり","false"
"3-n852","じゅうなん","false"
"3-n853","じゅうなん","false"
"3-n854","くだけるよろい","false"
"3-n855","くだけるよろい","false"
"3-n856","いやしのこころ","false"
"3-n856","きけんよち","false"
"3-n857","いやしのこころ","false"
"3-n857","きけんよち","false"
"3-n858","いやしのこころ","false"
"3-n858","きけんよち","false"
"3-n859","いたずらごころ","false"
"3-n859","おみとおし","false"
"3-n860","いたずらごころ","false"
"3-n860","おみとおし","false"
"3-n861","いたずらごころ","false"
"3-n861","おみとおし","false"
"3-n862","すてみ","false"
"3-n862","こんじょう","false"
"3-n863","カブトアーマー","false"
"3-n863","かたいツメ","false"
"3-n864","くだけるよろい","false"
"3-n865","ふくつのこころ","false"
"3-n866","ちどりあし","false"
"3-n866","バリアフリー","false"
"3-n867","さまようたましい","false"
"3-n868","スイートベール","false"
"3-n869","スイートベール","false"
"3-n870","カブトアーマー","false"
"3-n871","ひらいしん","false"
"3-n872","りんぷん","false"
"3-n873","りんぷん","false"
"3-n874","パワースポット","false"
"3-n875","アイスフェイス","false"
"3-n875f","アイスフェイス","false"
"3-n876","せいしんりょく","false"
"3-n876","シンクロ","false"
"3-n876f","マイペース","false"
"3-n876f","シンクロ","false"
"3-n877","はらぺこスイッチ","false"
"3-n878","ちからずく","false"
"3-n879","ちからずく","false"
"3-n880","ちくでん","false"
"3-n880","はりきり","false"
"3-n881","ちくでん","false"
"3-n881","せいでんき","false"
"3-n882","ちょすい","false"
"3-n882","がんじょうあご","false"
"3-n883","ちょすい","false"
"3-n883","アイスボディ","false"
"3-n884","ライトメタル","false"
"3-n884","ヘヴィメタル","false"
"3-n885","クリアボディ","false"
"3-n885","すりぬけ","false"
"3-n886","クリアボディ","false"
"3-n886","すりぬけ","false"
"3-n887","クリアボディ","false"
"3-n887","すりぬけ","false"
"3-n888","ふとうのけん","false"
"3-n888f","ふとうのけん","false"
"3-n889","ふくつのたて","false"
"3-n889f","ふくつのたて","false"
"3-n890","プレッシャー","false"
"3-n890f","プレッシャー","false"
"3-n891","せいしんりょく","false"
"3-n892","ふかしのこぶし","false"
"3-n892r","ふかしのこぶし","false"
"3-n893","リーフガード","false"
"3-n894","トランジスタ","false"
"3-n895","りゅうのあぎと","false"
"3-n896","しろのいななき","false"
"3-n897","くろのいななき","false"
"3-n898","きんちょうかん","false"
"3-n898w","じんばいったい","false"
"3-n898b","じんばいったい","false"
