"pokemonId","evolutionChainId","order"
"3-n1","3-n1","1"
"3-n1","3-n2","2"
"3-n1","3-n3","3"
"3-n2","3-n1","1"
"3-n2","3-n2","2"
"3-n2","3-n3","3"
"3-n3","3-n1","1"
"3-n3","3-n2","2"
"3-n3","3-n3","3"
"3-n4","3-n4","1"
"3-n4","3-n5","2"
"3-n4","3-n6","3"
"3-n5","3-n4","1"
"3-n5","3-n5","2"
"3-n5","3-n6","3"
"3-n6","3-n4","1"
"3-n6","3-n5","2"
"3-n6","3-n6","3"
"3-n7","3-n7","1"
"3-n7","3-n8","2"
"3-n7","3-n9","3"
"3-n8","3-n7","1"
"3-n8","3-n8","2"
"3-n8","3-n9","3"
"3-n9","3-n7","1"
"3-n9","3-n8","2"
"3-n9","3-n9","3"
"3-n10","3-n10","1"
"3-n10","3-n11","2"
"3-n10","3-n12","3"
"3-n11","3-n10","1"
"3-n11","3-n11","2"
"3-n11","3-n12","3"
"3-n12","3-n10","1"
"3-n12","3-n11","2"
"3-n12","3-n12","3"
"3-n25","3-n172","1"
"3-n25","3-n25","2"
"3-n25","3-n26","3"
"3-n25","3-n26a","6"
"3-n26","3-n172","1"
"3-n26","3-n25","2"
"3-n26","3-n26","3"
"3-n26","3-n26a","6"
"3-n26a","3-n172","1"
"3-n26a","3-n25","2"
"3-n26a","3-n26","3"
"3-n26a","3-n26a","6"
"3-n27","3-n27","1"
"3-n27","3-n28","2"
"3-n27a","3-n27a","1"
"3-n27a","3-n28a","2"
"3-n28","3-n27","1"
"3-n28","3-n28","2"
"3-n28a","3-n27a","1"
"3-n28a","3-n28a","2"
"3-n29","3-n29","1"
"3-n29","3-n30","2"
"3-n29","3-n31","3"
"3-n30","3-n29","1"
"3-n30","3-n30","2"
"3-n30","3-n31","3"
"3-n31","3-n29","1"
"3-n31","3-n30","2"
"3-n31","3-n31","3"
"3-n32","3-n32","1"
"3-n32","3-n33","2"
"3-n32","3-n34","3"
"3-n33","3-n32","1"
"3-n33","3-n33","2"
"3-n33","3-n34","3"
"3-n34","3-n32","1"
"3-n34","3-n33","2"
"3-n34","3-n34","3"
"3-n35","3-n173","1"
"3-n35","3-n35","2"
"3-n35","3-n36","3"
"3-n36","3-n173","1"
"3-n36","3-n35","2"
"3-n36","3-n36","3"
"3-n37","3-n37","1"
"3-n37","3-n38","2"
"3-n37a","3-n37a","1"
"3-n37a","3-n38a","2"
"3-n38","3-n37","1"
"3-n38","3-n38","2"
"3-n38a","3-n37a","1"
"3-n38a","3-n38a","2"
"3-n39","3-n174","1"
"3-n39","3-n39","2"
"3-n39","3-n40","3"
"3-n40","3-n174","1"
"3-n40","3-n39","2"
"3-n40","3-n40","3"
"3-n41","3-n41","1"
"3-n41","3-n42","2"
"3-n41","3-n169","3"
"3-n42","3-n41","1"
"3-n42","3-n42","2"
"3-n42","3-n169","3"
"3-n43","3-n43","1"
"3-n43","3-n44","2"
"3-n43","3-n45","3"
"3-n43","3-n182","5"
"3-n44","3-n43","1"
"3-n44","3-n44","2"
"3-n44","3-n45","3"
"3-n44","3-n182","5"
"3-n45","3-n43","1"
"3-n45","3-n44","2"
"3-n45","3-n45","3"
"3-n45","3-n182","5"
"3-n50","3-n50","1"
"3-n50","3-n51","2"
"3-n50a","3-n50a","1"
"3-n50a","3-n51a","2"
"3-n51","3-n50","1"
"3-n51","3-n51","2"
"3-n51a","3-n50a","1"
"3-n51a","3-n51a","2"
"3-n52","3-n52","1"
"3-n52","3-n53","2"
"3-n52a","3-n52a","1"
"3-n52a","3-n53a","2"
"3-n52g","3-n52g","1"
"3-n52g","3-n863","2"
"3-n53","3-n52","1"
"3-n53","3-n53","2"
"3-n53a","3-n52a","1"
"3-n53a","3-n53a","2"
"3-n54","3-n54","1"
"3-n54","3-n55","2"
"3-n55","3-n54","1"
"3-n55","3-n55","2"
"3-n58","3-n58","1"
"3-n58","3-n59","2"
"3-n59","3-n58","1"
"3-n59","3-n59","2"
"3-n60","3-n60","1"
"3-n60","3-n61","2"
"3-n60","3-n62","3"
"3-n60","3-n186","5"
"3-n61","3-n60","1"
"3-n61","3-n61","2"
"3-n61","3-n62","3"
"3-n61","3-n186","5"
"3-n62","3-n60","1"
"3-n62","3-n61","2"
"3-n62","3-n62","3"
"3-n62","3-n186","5"
"3-n63","3-n63","1"
"3-n63","3-n64","2"
"3-n63","3-n65","3"
"3-n64","3-n63","1"
"3-n64","3-n64","2"
"3-n64","3-n65","3"
"3-n65","3-n63","1"
"3-n65","3-n64","2"
"3-n65","3-n65","3"
"3-n66","3-n66","1"
"3-n66","3-n67","2"
"3-n66","3-n68","3"
"3-n67","3-n66","1"
"3-n67","3-n67","2"
"3-n67","3-n68","3"
"3-n68","3-n66","1"
"3-n68","3-n67","2"
"3-n68","3-n68","3"
"3-n72","3-n72","1"
"3-n72","3-n73","2"
"3-n73","3-n72","1"
"3-n73","3-n73","2"
"3-n77","3-n77","1"
"3-n77","3-n78","2"
"3-n77g","3-n77g","1"
"3-n77g","3-n78g","2"
"3-n78","3-n77","1"
"3-n78","3-n78","2"
"3-n78g","3-n77g","1"
"3-n78g","3-n78g","2"
"3-n79","3-n79","1"
"3-n79","3-n80","2"
"3-n79","3-n199","3"
"3-n79g","3-n79g","1"
"3-n79g","3-n80g","2"
"3-n79g","3-n199g","4"
"3-n80","3-n79","1"
"3-n80","3-n80","2"
"3-n80","3-n199","3"
"3-n80g","3-n79g","1"
"3-n80g","3-n80g","2"
"3-n80g","3-n199g","4"
"3-n81","3-n81","1"
"3-n81","3-n82","2"
"3-n81","3-n462","3"
"3-n82","3-n81","1"
"3-n82","3-n82","2"
"3-n82","3-n462","3"
"3-n83","3-n83","1"
"3-n83g","3-n83g","1"
"3-n83g","3-n865","2"
"3-n90","3-n90","1"
"3-n90","3-n91","2"
"3-n91","3-n90","1"
"3-n91","3-n91","2"
"3-n92","3-n92","1"
"3-n92","3-n93","2"
"3-n92","3-n94","3"
"3-n93","3-n92","1"
"3-n93","3-n93","2"
"3-n93","3-n94","3"
"3-n94","3-n92","1"
"3-n94","3-n93","2"
"3-n94","3-n94","3"
"3-n95","3-n95","1"
"3-n95","3-n208","2"
"3-n98","3-n98","1"
"3-n98","3-n99","2"
"3-n99","3-n98","1"
"3-n99","3-n99","2"
"3-n102","3-n102","1"
"3-n102","3-n103","2"
"3-n102","3-n103a","5"
"3-n103","3-n102","1"
"3-n103","3-n103","2"
"3-n103","3-n103a","5"
"3-n103a","3-n102","1"
"3-n103a","3-n103","2"
"3-n103a","3-n103a","5"
"3-n104","3-n104","1"
"3-n104","3-n105","2"
"3-n104","3-n105a","4"
"3-n105","3-n104","1"
"3-n105","3-n105","2"
"3-n105","3-n105a","4"
"3-n105a","3-n104","1"
"3-n105a","3-n105","2"
"3-n105a","3-n105a","4"
"3-n106","3-n236","1"
"3-n106","3-n106","2"
"3-n106","3-n107","3"
"3-n106","3-n237","4"
"3-n107","3-n236","1"
"3-n107","3-n106","2"
"3-n107","3-n107","3"
"3-n107","3-n237","4"
"3-n108","3-n108","1"
"3-n108","3-n463","2"
"3-n109","3-n109","1"
"3-n109","3-n110","2"
"3-n109","3-n110g","3"
"3-n110","3-n109","1"
"3-n110","3-n110","2"
"3-n110","3-n110g","3"
"3-n110g","3-n109","1"
"3-n110g","3-n110","2"
"3-n110g","3-n110g","3"
"3-n111","3-n111","1"
"3-n111","3-n112","2"
"3-n111","3-n464","3"
"3-n112","3-n111","1"
"3-n112","3-n112","2"
"3-n112","3-n464","3"
"3-n113","3-n440","1"
"3-n113","3-n113","2"
"3-n113","3-n242","4"
"3-n114","3-n114","1"
"3-n114","3-n465","2"
"3-n115","3-n115","1"
"3-n116","3-n116","1"
"3-n116","3-n117","2"
"3-n116","3-n230","3"
"3-n117","3-n116","1"
"3-n117","3-n117","2"
"3-n117","3-n230","3"
"3-n118","3-n118","1"
"3-n118","3-n119","2"
"3-n119","3-n118","1"
"3-n119","3-n119","2"
"3-n120","3-n120","1"
"3-n120","3-n121","2"
"3-n121","3-n120","1"
"3-n121","3-n121","2"
"3-n122","3-n439","1"
"3-n122","3-n122","2"
"3-n122","3-n122g","3"
"3-n122","3-n866","4"
"3-n122g","3-n439","1"
"3-n122g","3-n122","2"
"3-n122g","3-n122g","3"
"3-n122g","3-n866","4"
"3-n123","3-n123","1"
"3-n123","3-n212","2"
"3-n124","3-n238","1"
"3-n124","3-n124","2"
"3-n125","3-n239","1"
"3-n125","3-n125","2"
"3-n125","3-n466","3"
"3-n126","3-n240","1"
"3-n126","3-n126","2"
"3-n126","3-n467","3"
"3-n127","3-n127","1"
"3-n128","3-n128","1"
"3-n129","3-n129","1"
"3-n129","3-n130","2"
"3-n130","3-n129","1"
"3-n130","3-n130","2"
"3-n131","3-n131","1"
"3-n132","3-n132","1"
"3-n133","3-n133","1"
"3-n133","3-n134","2"
"3-n133","3-n135","4"
"3-n133","3-n136","6"
"3-n133","3-n196","8"
"3-n133","3-n197","9"
"3-n133","3-n470","10"
"3-n133","3-n471","13"
"3-n133","3-n700","16"
"3-n134","3-n133","1"
"3-n134","3-n134","2"
"3-n134","3-n135","4"
"3-n134","3-n136","6"
"3-n134","3-n196","8"
"3-n134","3-n197","9"
"3-n134","3-n470","10"
"3-n134","3-n471","13"
"3-n134","3-n700","16"
"3-n135","3-n133","1"
"3-n135","3-n134","2"
"3-n135","3-n135","4"
"3-n135","3-n136","6"
"3-n135","3-n196","8"
"3-n135","3-n197","9"
"3-n135","3-n470","10"
"3-n135","3-n471","13"
"3-n135","3-n700","16"
"3-n136","3-n133","1"
"3-n136","3-n134","2"
"3-n136","3-n135","4"
"3-n136","3-n136","6"
"3-n136","3-n196","8"
"3-n136","3-n197","9"
"3-n136","3-n470","10"
"3-n136","3-n471","13"
"3-n136","3-n700","16"
"3-n137","3-n137","1"
"3-n137","3-n233","2"
"3-n137","3-n474","4"
"3-n138","3-n138","1"
"3-n138","3-n139","2"
"3-n139","3-n138","1"
"3-n139","3-n139","2"
"3-n140","3-n140","1"
"3-n140","3-n141","2"
"3-n141","3-n140","1"
"3-n141","3-n141","2"
"3-n142","3-n142","1"
"3-n143","3-n446","1"
"3-n143","3-n143","2"
"3-n144","3-n144","1"
"3-n144g","3-n144g","1"
"3-n145","3-n145","1"
"3-n145g","3-n145g","1"
"3-n146","3-n146","1"
"3-n146g","3-n146g","1"
"3-n147","3-n147","1"
"3-n147","3-n148","2"
"3-n147","3-n149","3"
"3-n148","3-n147","1"
"3-n148","3-n148","2"
"3-n148","3-n149","3"
"3-n149","3-n147","1"
"3-n149","3-n148","2"
"3-n149","3-n149","3"
"3-n150","3-n150","1"
"3-n151","3-n151","1"
"3-n163","3-n163","1"
"3-n163","3-n164","2"
"3-n164","3-n163","1"
"3-n164","3-n164","2"
"3-n169","3-n41","1"
"3-n169","3-n42","2"
"3-n169","3-n169","3"
"3-n170","3-n170","1"
"3-n170","3-n171","2"
"3-n171","3-n170","1"
"3-n171","3-n171","2"
"3-n172","3-n172","1"
"3-n172","3-n25","2"
"3-n172","3-n26","3"
"3-n172","3-n26a","6"
"3-n173","3-n173","1"
"3-n173","3-n35","2"
"3-n173","3-n36","3"
"3-n174","3-n174","1"
"3-n174","3-n39","2"
"3-n174","3-n40","3"
"3-n175","3-n175","1"
"3-n175","3-n176","2"
"3-n175","3-n468","3"
"3-n176","3-n175","1"
"3-n176","3-n176","2"
"3-n176","3-n468","3"
"3-n177","3-n177","1"
"3-n177","3-n178","2"
"3-n178","3-n177","1"
"3-n178","3-n178","2"
"3-n182","3-n43","1"
"3-n182","3-n44","2"
"3-n182","3-n45","3"
"3-n182","3-n182","5"
"3-n183","3-n298","1"
"3-n183","3-n183","2"
"3-n183","3-n184","3"
"3-n184","3-n298","1"
"3-n184","3-n183","2"
"3-n184","3-n184","3"
"3-n185","3-n438","1"
"3-n185","3-n185","2"
"3-n186","3-n60","1"
"3-n186","3-n61","2"
"3-n186","3-n62","3"
"3-n186","3-n186","5"
"3-n194","3-n194","1"
"3-n194","3-n195","2"
"3-n195","3-n194","1"
"3-n195","3-n195","2"
"3-n196","3-n133","1"
"3-n196","3-n134","2"
"3-n196","3-n135","4"
"3-n196","3-n136","6"
"3-n196","3-n196","8"
"3-n196","3-n197","9"
"3-n196","3-n470","10"
"3-n196","3-n471","13"
"3-n196","3-n700","16"
"3-n197","3-n133","1"
"3-n197","3-n134","2"
"3-n197","3-n135","4"
"3-n197","3-n136","6"
"3-n197","3-n196","8"
"3-n197","3-n197","9"
"3-n197","3-n470","10"
"3-n197","3-n471","13"
"3-n197","3-n700","16"
"3-n199","3-n79","1"
"3-n199","3-n80","2"
"3-n199","3-n199","3"
"3-n199g","3-n79g","1"
"3-n199g","3-n80g","2"
"3-n199g","3-n199g","4"
"3-n202","3-n360","1"
"3-n202","3-n202","2"
"3-n206","3-n206","1"
"3-n208","3-n95","1"
"3-n208","3-n208","2"
"3-n211","3-n211","1"
"3-n212","3-n123","1"
"3-n212","3-n212","2"
"3-n213","3-n213","1"
"3-n214","3-n214","1"
"3-n215","3-n215","1"
"3-n215","3-n461","2"
"3-n220","3-n220","1"
"3-n220","3-n221","2"
"3-n220","3-n473","3"
"3-n221","3-n220","1"
"3-n221","3-n221","2"
"3-n221","3-n473","3"
"3-n222","3-n222","1"
"3-n222g","3-n222g","1"
"3-n222g","3-n864","2"
"3-n223","3-n223","1"
"3-n223","3-n224","2"
"3-n224","3-n223","1"
"3-n224","3-n224","2"
"3-n225","3-n225","1"
"3-n226","3-n458","1"
"3-n226","3-n226","2"
"3-n226","3-n223","3"
"3-n227","3-n227","1"
"3-n230","3-n116","1"
"3-n230","3-n117","2"
"3-n230","3-n230","3"
"3-n233","3-n137","1"
"3-n233","3-n233","2"
"3-n233","3-n474","4"
"3-n236","3-n236","1"
"3-n236","3-n106","2"
"3-n236","3-n107","3"
"3-n236","3-n237","4"
"3-n237","3-n236","1"
"3-n237","3-n106","2"
"3-n237","3-n107","3"
"3-n237","3-n237","4"
"3-n238","3-n238","1"
"3-n238","3-n124","2"
"3-n239","3-n239","1"
"3-n239","3-n125","2"
"3-n239","3-n466","3"
"3-n240","3-n240","1"
"3-n240","3-n126","2"
"3-n240","3-n467","3"
"3-n241","3-n241","1"
"3-n242","3-n440","1"
"3-n242","3-n113","2"
"3-n242","3-n242","4"
"3-n243","3-n243","1"
"3-n244","3-n244","1"
"3-n245","3-n245","1"
"3-n246","3-n246","1"
"3-n246","3-n247","2"
"3-n246","3-n248","3"
"3-n247","3-n246","1"
"3-n247","3-n247","2"
"3-n247","3-n248","3"
"3-n248","3-n246","1"
"3-n248","3-n247","2"
"3-n248","3-n248","3"
"3-n249","3-n249","1"
"3-n250","3-n250","1"
"3-n251","3-n251","1"
"3-n252","3-n252","1"
"3-n252","3-n253","2"
"3-n252","3-n254","3"
"3-n253","3-n252","1"
"3-n253","3-n253","2"
"3-n253","3-n254","3"
"3-n254","3-n252","1"
"3-n254","3-n253","2"
"3-n254","3-n254","3"
"3-n255","3-n255","1"
"3-n255","3-n256","2"
"3-n255","3-n257","3"
"3-n256","3-n255","1"
"3-n256","3-n256","2"
"3-n256","3-n257","3"
"3-n257","3-n255","1"
"3-n257","3-n256","2"
"3-n257","3-n257","3"
"3-n258","3-n258","1"
"3-n258","3-n259","2"
"3-n258","3-n260","3"
"3-n259","3-n258","1"
"3-n259","3-n259","2"
"3-n259","3-n260","3"
"3-n260","3-n258","1"
"3-n260","3-n259","2"
"3-n260","3-n260","3"
"3-n263","3-n263","1"
"3-n263","3-n264","2"
"3-n263g","3-n263g","1"
"3-n263g","3-n264g","2"
"3-n263g","3-n862","3"
"3-n264","3-n263","1"
"3-n264","3-n264","2"
"3-n264g","3-n263g","1"
"3-n264g","3-n264g","2"
"3-n264g","3-n862","3"
"3-n270","3-n270","1"
"3-n270","3-n271","2"
"3-n270","3-n272","3"
"3-n271","3-n270","1"
"3-n271","3-n271","2"
"3-n271","3-n272","3"
"3-n272","3-n270","1"
"3-n272","3-n271","2"
"3-n272","3-n272","3"
"3-n273","3-n273","1"
"3-n273","3-n274","2"
"3-n273","3-n275","3"
"3-n274","3-n273","1"
"3-n274","3-n274","2"
"3-n274","3-n275","3"
"3-n275","3-n273","1"
"3-n275","3-n274","2"
"3-n275","3-n275","3"
"3-n278","3-n278","1"
"3-n278","3-n279","2"
"3-n279","3-n278","1"
"3-n279","3-n279","2"
"3-n280","3-n280","1"
"3-n280","3-n281","2"
"3-n280","3-n282","3"
"3-n280","3-n475","4"
"3-n281","3-n280","1"
"3-n281","3-n281","2"
"3-n281","3-n282","3"
"3-n281","3-n475","4"
"3-n282","3-n280","1"
"3-n282","3-n281","2"
"3-n282","3-n282","3"
"3-n282","3-n475","4"
"3-n290","3-n290","1"
"3-n290","3-n291","2"
"3-n290","3-n292","3"
"3-n291","3-n290","1"
"3-n291","3-n291","2"
"3-n291","3-n292","3"
"3-n292","3-n290","1"
"3-n292","3-n291","2"
"3-n292","3-n292","3"
"3-n293","3-n293","1"
"3-n293","3-n294","2"
"3-n293","3-n295","3"
"3-n294","3-n293","1"
"3-n294","3-n294","2"
"3-n294","3-n295","3"
"3-n295","3-n293","1"
"3-n295","3-n294","2"
"3-n295","3-n295","3"
"3-n298","3-n298","1"
"3-n298","3-n183","2"
"3-n298","3-n184","3"
"3-n302","3-n302","1"
"3-n303","3-n303","1"
"3-n304","3-n304","1"
"3-n304","3-n305","2"
"3-n304","3-n306","3"
"3-n305","3-n304","1"
"3-n305","3-n305","2"
"3-n305","3-n306","3"
"3-n306","3-n304","1"
"3-n306","3-n305","2"
"3-n306","3-n306","3"
"3-n309","3-n309","1"
"3-n309","3-n310","2"
"3-n310","3-n309","1"
"3-n310","3-n310","2"
"3-n315","3-n406","1"
"3-n315","3-n315","2"
"3-n315","3-n407","3"
"3-n318","3-n318","1"
"3-n318","3-n319","2"
"3-n319","3-n318","1"
"3-n319","3-n319","2"
"3-n320","3-n320","1"
"3-n320","3-n321","2"
"3-n321","3-n320","1"
"3-n321","3-n321","2"
"3-n324","3-n324","1"
"3-n328","3-n328","1"
"3-n328","3-n329","2"
"3-n328","3-n330","3"
"3-n329","3-n328","1"
"3-n329","3-n329","2"
"3-n329","3-n330","3"
"3-n330","3-n328","1"
"3-n330","3-n329","2"
"3-n330","3-n330","3"
"3-n333","3-n333","1"
"3-n333","3-n334","2"
"3-n334","3-n333","1"
"3-n334","3-n334","2"
"3-n337","3-n337","1"
"3-n338","3-n338","1"
"3-n339","3-n339","1"
"3-n339","3-n340","2"
"3-n340","3-n339","1"
"3-n340","3-n340","2"
"3-n341","3-n341","1"
"3-n341","3-n342","2"
"3-n342","3-n341","1"
"3-n342","3-n342","2"
"3-n343","3-n343","1"
"3-n343","3-n344","2"
"3-n344","3-n343","1"
"3-n344","3-n344","2"
"3-n345","3-n345","1"
"3-n345","3-n346","2"
"3-n346","3-n345","1"
"3-n346","3-n346","2"
"3-n347","3-n347","1"
"3-n347","3-n348","2"
"3-n348","3-n347","1"
"3-n348","3-n348","2"
"3-n349","3-n349","1"
"3-n349","3-n350","2"
"3-n350","3-n349","1"
"3-n350","3-n350","2"
"3-n355","3-n355","1"
"3-n355","3-n356","2"
"3-n355","3-n477","3"
"3-n356","3-n355","1"
"3-n356","3-n356","2"
"3-n356","3-n477","3"
"3-n359","3-n359","1"
"3-n360","3-n360","1"
"3-n360","3-n202","2"
"3-n361","3-n361","1"
"3-n361","3-n362","2"
"3-n361","3-n478","3"
"3-n362","3-n361","1"
"3-n362","3-n362","2"
"3-n362","3-n478","3"
"3-n363","3-n363","1"
"3-n363","3-n364","2"
"3-n363","3-n365","3"
"3-n364","3-n363","1"
"3-n364","3-n364","2"
"3-n364","3-n365","3"
"3-n365","3-n363","1"
"3-n365","3-n364","2"
"3-n365","3-n365","3"
"3-n369","3-n369","1"
"3-n371","3-n371","1"
"3-n371","3-n372","2"
"3-n371","3-n373","3"
"3-n372","3-n371","1"
"3-n372","3-n372","2"
"3-n372","3-n373","3"
"3-n373","3-n371","1"
"3-n373","3-n372","2"
"3-n373","3-n373","3"
"3-n374","3-n374","1"
"3-n374","3-n375","2"
"3-n374","3-n376","3"
"3-n375","3-n374","1"
"3-n375","3-n375","2"
"3-n375","3-n376","3"
"3-n376","3-n374","1"
"3-n376","3-n375","2"
"3-n376","3-n376","3"
"3-n377","3-n377","1"
"3-n378","3-n378","1"
"3-n379","3-n379","1"
"3-n380","3-n380","1"
"3-n381","3-n381","1"
"3-n382","3-n382","1"
"3-n383","3-n383","1"
"3-n384","3-n384","1"
"3-n385","3-n385","1"
"3-n403","3-n403","1"
"3-n403","3-n404","2"
"3-n403","3-n405","3"
"3-n404","3-n403","1"
"3-n404","3-n404","2"
"3-n404","3-n405","3"
"3-n405","3-n403","1"
"3-n405","3-n404","2"
"3-n405","3-n405","3"
"3-n406","3-n406","1"
"3-n406","3-n315","2"
"3-n406","3-n407","3"
"3-n407","3-n406","1"
"3-n407","3-n315","2"
"3-n407","3-n407","3"
"3-n415","3-n415","1"
"3-n415","3-n416","2"
"3-n416","3-n415","1"
"3-n416","3-n416","2"
"3-n420","3-n420","1"
"3-n420","3-n421","2"
"3-n421","3-n420","1"
"3-n421","3-n421","2"
"3-n422","3-n422","1"
"3-n422","3-n423","2"
"3-n423","3-n422","1"
"3-n423","3-n423","2"
"3-n425","3-n425","1"
"3-n425","3-n426","2"
"3-n426","3-n425","1"
"3-n426","3-n426","2"
"3-n427","3-n427","1"
"3-n427","3-n428","2"
"3-n428","3-n427","1"
"3-n428","3-n428","2"
"3-n434","3-n434","1"
"3-n434","3-n435","2"
"3-n435","3-n434","1"
"3-n435","3-n435","2"
"3-n436","3-n436","1"
"3-n436","3-n437","2"
"3-n437","3-n436","1"
"3-n437","3-n437","2"
"3-n438","3-n438","1"
"3-n438","3-n185","2"
"3-n439","3-n439","1"
"3-n439","3-n122","2"
"3-n439","3-n122g","3"
"3-n439","3-n866","4"
"3-n440","3-n440","1"
"3-n440","3-n113","2"
"3-n440","3-n242","4"
"3-n442","3-n442","1"
"3-n443","3-n443","1"
"3-n443","3-n444","2"
"3-n443","3-n445","3"
"3-n444","3-n443","1"
"3-n444","3-n444","2"
"3-n444","3-n445","3"
"3-n445","3-n443","1"
"3-n445","3-n444","2"
"3-n445","3-n445","3"
"3-n446","3-n446","1"
"3-n446","3-n143","2"
"3-n447","3-n447","1"
"3-n447","3-n448","2"
"3-n448","3-n447","1"
"3-n448","3-n448","2"
"3-n449","3-n449","1"
"3-n449","3-n450","2"
"3-n450","3-n449","1"
"3-n450","3-n450","2"
"3-n451","3-n451","1"
"3-n451","3-n452","2"
"3-n452","3-n451","1"
"3-n452","3-n452","2"
"3-n453","3-n453","1"
"3-n453","3-n454","2"
"3-n454","3-n453","1"
"3-n454","3-n454","2"
"3-n458","3-n458","1"
"3-n458","3-n226","2"
"3-n458","3-n223","3"
"3-n459","3-n459","1"
"3-n459","3-n460","2"
"3-n460","3-n459","1"
"3-n460","3-n460","2"
"3-n461","3-n215","1"
"3-n461","3-n461","2"
"3-n462","3-n81","1"
"3-n462","3-n82","2"
"3-n462","3-n462","3"
"3-n463","3-n108","1"
"3-n463","3-n463","2"
"3-n464","3-n111","1"
"3-n464","3-n112","2"
"3-n464","3-n464","3"
"3-n465","3-n114","1"
"3-n465","3-n465","2"
"3-n466","3-n239","1"
"3-n466","3-n125","2"
"3-n466","3-n466","3"
"3-n467","3-n240","1"
"3-n467","3-n126","2"
"3-n467","3-n467","3"
"3-n468","3-n175","1"
"3-n468","3-n176","2"
"3-n468","3-n468","3"
"3-n470","3-n133","1"
"3-n470","3-n134","2"
"3-n470","3-n135","4"
"3-n470","3-n136","6"
"3-n470","3-n196","8"
"3-n470","3-n197","9"
"3-n470","3-n470","10"
"3-n470","3-n471","13"
"3-n470","3-n700","16"
"3-n471","3-n133","1"
"3-n471","3-n134","2"
"3-n471","3-n135","4"
"3-n471","3-n136","6"
"3-n471","3-n196","8"
"3-n471","3-n197","9"
"3-n471","3-n470","10"
"3-n471","3-n471","13"
"3-n471","3-n700","16"
"3-n473","3-n220","1"
"3-n473","3-n221","2"
"3-n473","3-n473","3"
"3-n474","3-n137","1"
"3-n474","3-n233","2"
"3-n474","3-n474","4"
"3-n475","3-n280","1"
"3-n475","3-n281","2"
"3-n475","3-n282","3"
"3-n475","3-n475","4"
"3-n477","3-n355","1"
"3-n477","3-n356","2"
"3-n477","3-n477","3"
"3-n478","3-n361","1"
"3-n478","3-n362","2"
"3-n478","3-n478","3"
"3-n479","3-n479","1"
"3-n479h","3-n479h","1"
"3-n479w","3-n479w","1"
"3-n479f","3-n479f","1"
"3-n479s","3-n479s","1"
"3-n479c","3-n479c","1"
"3-n480","3-n480","1"
"3-n481","3-n481","1"
"3-n482","3-n482","1"
"3-n483","3-n483","1"
"3-n484","3-n484","1"
"3-n485","3-n485","1"
"3-n486","3-n486","1"
"3-n487","3-n487","1"
"3-n487o","3-n487o","1"
"3-n488","3-n488","1"
"3-n494","3-n494","1"
"3-n506","3-n506","1"
"3-n506","3-n507","2"
"3-n506","3-n508","3"
"3-n507","3-n506","1"
"3-n507","3-n507","2"
"3-n507","3-n508","3"
"3-n508","3-n506","1"
"3-n508","3-n507","2"
"3-n508","3-n508","3"
"3-n509","3-n509","1"
"3-n509","3-n510","2"
"3-n510","3-n509","1"
"3-n510","3-n510","2"
"3-n517","3-n517","1"
"3-n517","3-n518","2"
"3-n518","3-n517","1"
"3-n518","3-n518","2"
"3-n519","3-n519","1"
"3-n519","3-n520","2"
"3-n519","3-n521","3"
"3-n520","3-n519","1"
"3-n520","3-n520","2"
"3-n520","3-n521","3"
"3-n521","3-n519","1"
"3-n521","3-n520","2"
"3-n521","3-n521","3"
"3-n524","3-n524","1"
"3-n524","3-n525","2"
"3-n524","3-n526","3"
"3-n525","3-n524","1"
"3-n525","3-n525","2"
"3-n525","3-n526","3"
"3-n526","3-n524","1"
"3-n526","3-n525","2"
"3-n526","3-n526","3"
"3-n527","3-n527","1"
"3-n527","3-n528","2"
"3-n528","3-n527","1"
"3-n528","3-n528","2"
"3-n529","3-n529","1"
"3-n529","3-n530","2"
"3-n530","3-n529","1"
"3-n530","3-n530","2"
"3-n531","3-n531","1"
"3-n532","3-n532","1"
"3-n532","3-n533","2"
"3-n532","3-n534","3"
"3-n533","3-n532","1"
"3-n533","3-n533","2"
"3-n533","3-n534","3"
"3-n534","3-n532","1"
"3-n534","3-n533","2"
"3-n534","3-n534","3"
"3-n535","3-n535","1"
"3-n535","3-n536","2"
"3-n535","3-n537","3"
"3-n536","3-n535","1"
"3-n536","3-n536","2"
"3-n536","3-n537","3"
"3-n537","3-n535","1"
"3-n537","3-n536","2"
"3-n537","3-n537","3"
"3-n538","3-n538","1"
"3-n539","3-n539","1"
"3-n543","3-n543","1"
"3-n543","3-n544","2"
"3-n543","3-n545","3"
"3-n544","3-n543","1"
"3-n544","3-n544","2"
"3-n544","3-n545","3"
"3-n545","3-n543","1"
"3-n545","3-n544","2"
"3-n545","3-n545","3"
"3-n546","3-n546","1"
"3-n546","3-n547","2"
"3-n547","3-n546","1"
"3-n547","3-n547","2"
"3-n548","3-n548","1"
"3-n548","3-n549","2"
"3-n549","3-n548","1"
"3-n549","3-n549","2"
"3-n550","3-n550","1"
"3-n550f","3-n550f","1"
"3-n551","3-n551","1"
"3-n551","3-n552","2"
"3-n551","3-n553","3"
"3-n552","3-n551","1"
"3-n552","3-n552","2"
"3-n552","3-n553","3"
"3-n553","3-n551","1"
"3-n553","3-n552","2"
"3-n553","3-n553","3"
"3-n554","3-n554","1"
"3-n554","3-n555","2"
"3-n554g","3-n554g","1"
"3-n554g","3-n555g","2"
"3-n555","3-n554","1"
"3-n555","3-n555","2"
"3-n555f","3-n554","1"
"3-n555f","3-n555","2"
"3-n555g","3-n554g","1"
"3-n555g","3-n555g","2"
"3-n555h","3-n554g","1"
"3-n555h","3-n555g","2"
"3-n556","3-n556","1"
"3-n557","3-n557","1"
"3-n557","3-n558","2"
"3-n558","3-n557","1"
"3-n558","3-n558","2"
"3-n559","3-n559","1"
"3-n559","3-n560","2"
"3-n560","3-n559","1"
"3-n560","3-n560","2"
"3-n561","3-n561","1"
"3-n562","3-n562","1"
"3-n562","3-n563","2"
"3-n562g","3-n562g","1"
"3-n562g","3-n867","2"
"3-n563","3-n562","1"
"3-n563","3-n563","2"
"3-n564","3-n564","1"
"3-n564","3-n565","2"
"3-n565","3-n564","1"
"3-n565","3-n565","2"
"3-n566","3-n566","1"
"3-n566","3-n567","2"
"3-n567","3-n566","1"
"3-n567","3-n567","2"
"3-n568","3-n568","1"
"3-n568","3-n569","2"
"3-n569","3-n568","1"
"3-n569","3-n569","2"
"3-n570","3-n570","1"
"3-n570","3-n571","2"
"3-n571","3-n570","1"
"3-n571","3-n571","2"
"3-n572","3-n572","1"
"3-n572","3-n573","2"
"3-n573","3-n572","1"
"3-n573","3-n573","2"
"3-n574","3-n574","1"
"3-n574","3-n575","2"
"3-n574","3-n576","3"
"3-n575","3-n574","1"
"3-n575","3-n575","2"
"3-n575","3-n576","3"
"3-n576","3-n574","1"
"3-n576","3-n575","2"
"3-n576","3-n576","3"
"3-n577","3-n577","1"
"3-n577","3-n578","2"
"3-n577","3-n579","3"
"3-n578","3-n577","1"
"3-n578","3-n578","2"
"3-n578","3-n579","3"
"3-n579","3-n577","1"
"3-n579","3-n578","2"
"3-n579","3-n579","3"
"3-n582","3-n582","1"
"3-n582","3-n583","2"
"3-n582","3-n584","3"
"3-n583","3-n582","1"
"3-n583","3-n583","2"
"3-n583","3-n584","3"
"3-n584","3-n582","1"
"3-n584","3-n583","2"
"3-n584","3-n584","3"
"3-n587","3-n587","1"
"3-n588","3-n588","1"
"3-n588","3-n589","2"
"3-n588","3-n616","4"
"3-n589","3-n588","1"
"3-n589","3-n589","2"
"3-n589","3-n616","4"
"3-n590","3-n590","1"
"3-n590","3-n591","2"
"3-n591","3-n590","1"
"3-n591","3-n591","2"
"3-n592","3-n592","1"
"3-n592","3-n593","2"
"3-n593","3-n592","1"
"3-n593","3-n593","2"
"3-n595","3-n595","1"
"3-n595","3-n596","2"
"3-n596","3-n595","1"
"3-n596","3-n596","2"
"3-n597","3-n597","1"
"3-n597","3-n598","2"
"3-n598","3-n597","1"
"3-n598","3-n598","2"
"3-n599","3-n599","1"
"3-n599","3-n600","2"
"3-n599","3-n601","3"
"3-n600","3-n599","1"
"3-n600","3-n600","2"
"3-n600","3-n601","3"
"3-n601","3-n599","1"
"3-n601","3-n600","2"
"3-n601","3-n601","3"
"3-n605","3-n605","1"
"3-n605","3-n606","2"
"3-n606","3-n605","1"
"3-n606","3-n606","2"
"3-n607","3-n607","1"
"3-n607","3-n608","2"
"3-n607","3-n609","3"
"3-n608","3-n607","1"
"3-n608","3-n608","2"
"3-n608","3-n609","3"
"3-n609","3-n607","1"
"3-n609","3-n608","2"
"3-n609","3-n609","3"
"3-n610","3-n610","1"
"3-n610","3-n611","2"
"3-n610","3-n612","3"
"3-n611","3-n610","1"
"3-n611","3-n611","2"
"3-n611","3-n612","3"
"3-n612","3-n610","1"
"3-n612","3-n611","2"
"3-n612","3-n612","3"
"3-n613","3-n613","1"
"3-n613","3-n614","2"
"3-n614","3-n613","1"
"3-n614","3-n614","2"
"3-n615","3-n615","1"
"3-n616","3-n616","1"
"3-n616","3-n617","2"
"3-n616","3-n588","3"
"3-n617","3-n616","1"
"3-n617","3-n617","2"
"3-n617","3-n588","3"
"3-n618","3-n618","1"
"3-n618g","3-n618g","1"
"3-n619","3-n619","1"
"3-n619","3-n620","2"
"3-n620","3-n619","1"
"3-n620","3-n620","2"
"3-n621","3-n621","1"
"3-n622","3-n622","1"
"3-n622","3-n623","2"
"3-n623","3-n622","1"
"3-n623","3-n623","2"
"3-n624","3-n624","1"
"3-n624","3-n625","2"
"3-n625","3-n624","1"
"3-n625","3-n625","2"
"3-n626","3-n626","1"
"3-n627","3-n627","1"
"3-n627","3-n628","2"
"3-n628","3-n627","1"
"3-n628","3-n628","2"
"3-n629","3-n629","1"
"3-n629","3-n630","2"
"3-n630","3-n629","1"
"3-n630","3-n630","2"
"3-n631","3-n631","1"
"3-n632","3-n632","1"
"3-n633","3-n633","1"
"3-n633","3-n634","2"
"3-n633","3-n635","3"
"3-n634","3-n633","1"
"3-n634","3-n634","2"
"3-n634","3-n635","3"
"3-n635","3-n633","1"
"3-n635","3-n634","2"
"3-n635","3-n635","3"
"3-n636","3-n636","1"
"3-n636","3-n637","2"
"3-n637","3-n636","1"
"3-n637","3-n637","2"
"3-n638","3-n638","1"
"3-n639","3-n639","1"
"3-n640","3-n640","1"
"3-n641","3-n641","1"
"3-n641a","3-n641a","1"
"3-n642","3-n642","1"
"3-n642a","3-n642a","1"
"3-n643","3-n643","1"
"3-n644","3-n644","1"
"3-n645","3-n645","1"
"3-n645a","3-n645a","1"
"3-n646","3-n646","1"
"3-n646w","3-n646w","1"
"3-n646b","3-n646b","1"
"3-n647","3-n647","1"
"3-n647k","3-n647k","1"
"3-n649","3-n649","1"
"3-n659","3-n659","1"
"3-n659","3-n660","2"
"3-n660","3-n659","1"
"3-n660","3-n660","2"
"3-n661","3-n661","1"
"3-n661","3-n662","2"
"3-n661","3-n663","3"
"3-n662","3-n661","1"
"3-n662","3-n662","2"
"3-n662","3-n663","3"
"3-n663","3-n661","1"
"3-n663","3-n662","2"
"3-n663","3-n663","3"
"3-n674","3-n674","1"
"3-n674","3-n675","2"
"3-n675","3-n674","1"
"3-n675","3-n675","2"
"3-n677","3-n677","1"
"3-n677","3-n678","2"
"3-n677","3-n678f","3"
"3-n678","3-n677","1"
"3-n678","3-n678","2"
"3-n678","3-n678f","3"
"3-n678f","3-n677","1"
"3-n678f","3-n678","2"
"3-n678f","3-n678f","3"
"3-n679","3-n679","1"
"3-n679","3-n680","2"
"3-n679","3-n681","3"
"3-n680","3-n679","1"
"3-n680","3-n680","2"
"3-n680","3-n681","3"
"3-n681","3-n679","1"
"3-n681","3-n680","2"
"3-n681","3-n681","3"
"3-n681b","3-n679","1"
"3-n681b","3-n680","2"
"3-n681b","3-n681","3"
"3-n682","3-n682","1"
"3-n682","3-n683","2"
"3-n683","3-n682","1"
"3-n683","3-n683","2"
"3-n684","3-n684","1"
"3-n684","3-n685","2"
"3-n685","3-n684","1"
"3-n685","3-n685","2"
"3-n686","3-n686","1"
"3-n686","3-n687","2"
"3-n687","3-n686","1"
"3-n687","3-n687","2"
"3-n688","3-n688","1"
"3-n688","3-n689","2"
"3-n689","3-n688","1"
"3-n689","3-n689","2"
"3-n690","3-n690","1"
"3-n690","3-n691","2"
"3-n691","3-n690","1"
"3-n691","3-n691","2"
"3-n692","3-n692","1"
"3-n692","3-n693","2"
"3-n693","3-n692","1"
"3-n693","3-n693","2"
"3-n694","3-n694","1"
"3-n694","3-n695","2"
"3-n695","3-n694","1"
"3-n695","3-n695","2"
"3-n696","3-n696","1"
"3-n696","3-n697","2"
"3-n697","3-n696","1"
"3-n697","3-n697","2"
"3-n698","3-n698","1"
"3-n698","3-n699","2"
"3-n699","3-n698","1"
"3-n699","3-n699","2"
"3-n700","3-n133","1"
"3-n700","3-n134","2"
"3-n700","3-n135","4"
"3-n700","3-n136","6"
"3-n700","3-n196","8"
"3-n700","3-n197","9"
"3-n700","3-n470","10"
"3-n700","3-n471","13"
"3-n700","3-n700","16"
"3-n701","3-n701","1"
"3-n702","3-n702","1"
"3-n703","3-n703","1"
"3-n704","3-n704","1"
"3-n704","3-n705","2"
"3-n704","3-n706","3"
"3-n705","3-n704","1"
"3-n705","3-n705","2"
"3-n705","3-n706","3"
"3-n706","3-n704","1"
"3-n706","3-n705","2"
"3-n706","3-n706","3"
"3-n707","3-n707","1"
"3-n708","3-n708","1"
"3-n708","3-n709","2"
"3-n709","3-n708","1"
"3-n709","3-n709","2"
"3-n710","3-n710","1"
"3-n710","3-n711","2"
"3-n710s","3-n710s","1"
"3-n710s","3-n711s","2"
"3-n710l","3-n710l","1"
"3-n710l","3-n711l","2"
"3-n710k","3-n710k","1"
"3-n710k","3-n711k","2"
"3-n711","3-n710","1"
"3-n711","3-n711","2"
"3-n711s","3-n710s","1"
"3-n711s","3-n711s","2"
"3-n711l","3-n710l","1"
"3-n711l","3-n711l","2"
"3-n711k","3-n710k","1"
"3-n711k","3-n711k","2"
"3-n712","3-n712","1"
"3-n712","3-n713","2"
"3-n713","3-n712","1"
"3-n713","3-n713","2"
"3-n714","3-n714","1"
"3-n714","3-n715","2"
"3-n715","3-n714","1"
"3-n715","3-n715","2"
"3-n716","3-n716","1"
"3-n717","3-n717","1"
"3-n718","3-n718","1"
"3-n718t","3-n718t","1"
"3-n718c","3-n718c","1"
"3-n719","3-n719","1"
"3-n721","3-n721","1"
"3-n722","3-n722","1"
"3-n722","3-n723","2"
"3-n722","3-n724","3"
"3-n723","3-n722","1"
"3-n723","3-n723","2"
"3-n723","3-n724","3"
"3-n724","3-n722","1"
"3-n724","3-n723","2"
"3-n724","3-n724","3"
"3-n725","3-n725","1"
"3-n725","3-n726","2"
"3-n725","3-n727","3"
"3-n726","3-n725","1"
"3-n726","3-n726","2"
"3-n726","3-n727","3"
"3-n727","3-n725","1"
"3-n727","3-n726","2"
"3-n727","3-n727","3"
"3-n728","3-n728","1"
"3-n728","3-n729","2"
"3-n728","3-n730","3"
"3-n729","3-n728","1"
"3-n729","3-n729","2"
"3-n729","3-n730","3"
"3-n730","3-n728","1"
"3-n730","3-n729","2"
"3-n730","3-n730","3"
"3-n736","3-n736","1"
"3-n736","3-n737","2"
"3-n736","3-n738","3"
"3-n737","3-n736","1"
"3-n737","3-n737","2"
"3-n737","3-n738","3"
"3-n738","3-n736","1"
"3-n738","3-n737","2"
"3-n738","3-n738","3"
"3-n742","3-n742","1"
"3-n742","3-n743","2"
"3-n743","3-n742","1"
"3-n743","3-n743","2"
"3-n744","3-n744","1"
"3-n744","3-n745","2"
"3-n744","3-n745f","4"
"3-n744","3-n745d","6"
"3-n745","3-n744","1"
"3-n745","3-n745","2"
"3-n745","3-n745f","4"
"3-n745","3-n745d","6"
"3-n745f","3-n744","1"
"3-n745f","3-n745","2"
"3-n745f","3-n745f","4"
"3-n745f","3-n745d","6"
"3-n745d","3-n744","1"
"3-n745d","3-n745","2"
"3-n745d","3-n745f","4"
"3-n745d","3-n745d","6"
"3-n746","3-n746","1"
"3-n746f","3-n746f","1"
"3-n747","3-n747","1"
"3-n747","3-n748","2"
"3-n748","3-n747","1"
"3-n748","3-n748","2"
"3-n749","3-n749","1"
"3-n749","3-n750","2"
"3-n750","3-n749","1"
"3-n750","3-n750","2"
"3-n751","3-n751","1"
"3-n751","3-n752","2"
"3-n752","3-n751","1"
"3-n752","3-n752","2"
"3-n753","3-n753","1"
"3-n753","3-n754","2"
"3-n754","3-n753","1"
"3-n754","3-n754","2"
"3-n755","3-n755","1"
"3-n755","3-n756","2"
"3-n756","3-n755","1"
"3-n756","3-n756","2"
"3-n757","3-n757","1"
"3-n757","3-n758","2"
"3-n758","3-n757","1"
"3-n758","3-n758","2"
"3-n759","3-n759","1"
"3-n759","3-n760","2"
"3-n760","3-n759","1"
"3-n760","3-n760","2"
"3-n761","3-n761","1"
"3-n761","3-n762","2"
"3-n761","3-n763","3"
"3-n762","3-n761","1"
"3-n762","3-n762","2"
"3-n762","3-n763","3"
"3-n763","3-n761","1"
"3-n763","3-n762","2"
"3-n763","3-n763","3"
"3-n764","3-n764","1"
"3-n765","3-n765","1"
"3-n766","3-n766","1"
"3-n767","3-n767","1"
"3-n767","3-n768","2"
"3-n768","3-n767","1"
"3-n768","3-n768","2"
"3-n769","3-n769","1"
"3-n769","3-n770","2"
"3-n770","3-n769","1"
"3-n770","3-n770","2"
"3-n771","3-n771","1"
"3-n772","3-n772","1"
"3-n772","3-n773","2"
"3-n773","3-n772","1"
"3-n773","3-n773","2"
"3-n773a","3-n772","1"
"3-n773a","3-n773","2"
"3-n773b","3-n772","1"
"3-n773b","3-n773","2"
"3-n773c","3-n772","1"
"3-n773c","3-n773","2"
"3-n773d","3-n772","1"
"3-n773d","3-n773","2"
"3-n773e","3-n772","1"
"3-n773e","3-n773","2"
"3-n773f","3-n772","1"
"3-n773f","3-n773","2"
"3-n773g","3-n772","1"
"3-n773g","3-n773","2"
"3-n773h","3-n772","1"
"3-n773h","3-n773","2"
"3-n773i","3-n772","1"
"3-n773i","3-n773","2"
"3-n773j","3-n772","1"
"3-n773j","3-n773","2"
"3-n773k","3-n772","1"
"3-n773k","3-n773","2"
"3-n773l","3-n772","1"
"3-n773l","3-n773","2"
"3-n773m","3-n772","1"
"3-n773m","3-n773","2"
"3-n773n","3-n772","1"
"3-n773n","3-n773","2"
"3-n773o","3-n772","1"
"3-n773o","3-n773","2"
"3-n773p","3-n772","1"
"3-n773p","3-n773","2"
"3-n773q","3-n772","1"
"3-n773q","3-n773","2"
"3-n776","3-n776","1"
"3-n777","3-n777","1"
"3-n778","3-n778","1"
"3-n780","3-n780","1"
"3-n781","3-n781","1"
"3-n782","3-n782","1"
"3-n782","3-n783","2"
"3-n782","3-n784","3"
"3-n783","3-n782","1"
"3-n783","3-n783","2"
"3-n783","3-n784","3"
"3-n784","3-n782","1"
"3-n784","3-n783","2"
"3-n784","3-n784","3"
"3-n785","3-n785","1"
"3-n786","3-n786","1"
"3-n787","3-n787","1"
"3-n788","3-n788","1"
"3-n789","3-n789","1"
"3-n789","3-n790","2"
"3-n789","3-n791","3"
"3-n789","3-n792","4"
"3-n790","3-n789","1"
"3-n790","3-n790","2"
"3-n790","3-n791","3"
"3-n790","3-n792","4"
"3-n791","3-n789","1"
"3-n791","3-n790","2"
"3-n791","3-n791","3"
"3-n791","3-n792","4"
"3-n792","3-n789","1"
"3-n792","3-n790","2"
"3-n792","3-n791","3"
"3-n792","3-n792","4"
"3-n793","3-n793","1"
"3-n794","3-n794","1"
"3-n795","3-n795","1"
"3-n796","3-n796","1"
"3-n797","3-n797","1"
"3-n798","3-n798","1"
"3-n799","3-n799","1"
"3-n800","3-n800","1"
"3-n800s","3-n800s","1"
"3-n800m","3-n800m","1"
"3-n801","3-n801","1"
"3-n802","3-n802","1"
"3-n803","3-n803","1"
"3-n803","3-n804","2"
"3-n804","3-n803","1"
"3-n804","3-n804","2"
"3-n805","3-n805","1"
"3-n806","3-n806","1"
"3-n807","3-n807","1"
"3-n808","3-n808","1"
"3-n808","3-n809","2"
"3-n809","3-n808","1"
"3-n809","3-n809","2"
"3-n810","3-n810","1"
"3-n810","3-n811","2"
"3-n810","3-n812","3"
"3-n811","3-n810","1"
"3-n811","3-n811","2"
"3-n811","3-n812","3"
"3-n812","3-n810","1"
"3-n812","3-n811","2"
"3-n812","3-n812","3"
"3-n813","3-n813","1"
"3-n813","3-n814","2"
"3-n813","3-n815","3"
"3-n814","3-n813","1"
"3-n814","3-n814","2"
"3-n814","3-n815","3"
"3-n815","3-n813","1"
"3-n815","3-n814","2"
"3-n815","3-n815","3"
"3-n816","3-n816","1"
"3-n816","3-n817","2"
"3-n816","3-n818","3"
"3-n817","3-n816","1"
"3-n817","3-n817","2"
"3-n817","3-n818","3"
"3-n818","3-n816","1"
"3-n818","3-n817","2"
"3-n818","3-n818","3"
"3-n819","3-n819","1"
"3-n819","3-n820","2"
"3-n820","3-n819","1"
"3-n820","3-n820","2"
"3-n821","3-n821","1"
"3-n821","3-n822","2"
"3-n821","3-n823","3"
"3-n822","3-n821","1"
"3-n822","3-n822","2"
"3-n822","3-n823","3"
"3-n823","3-n821","1"
"3-n823","3-n822","2"
"3-n823","3-n823","3"
"3-n824","3-n824","1"
"3-n824","3-n825","2"
"3-n824","3-n826","3"
"3-n825","3-n824","1"
"3-n825","3-n825","2"
"3-n825","3-n826","3"
"3-n826","3-n824","1"
"3-n826","3-n825","2"
"3-n826","3-n826","3"
"3-n827","3-n827","1"
"3-n827","3-n828","2"
"3-n828","3-n827","1"
"3-n828","3-n828","2"
"3-n829","3-n829","1"
"3-n829","3-n830","2"
"3-n830","3-n829","1"
"3-n830","3-n830","2"
"3-n831","3-n831","1"
"3-n831","3-n832","2"
"3-n832","3-n831","1"
"3-n832","3-n832","2"
"3-n833","3-n833","1"
"3-n833","3-n834","2"
"3-n834","3-n833","1"
"3-n834","3-n834","2"
"3-n835","3-n835","1"
"3-n835","3-n836","2"
"3-n836","3-n835","1"
"3-n836","3-n836","2"
"3-n837","3-n837","1"
"3-n837","3-n838","2"
"3-n837","3-n839","3"
"3-n838","3-n837","1"
"3-n838","3-n838","2"
"3-n838","3-n839","3"
"3-n839","3-n837","1"
"3-n839","3-n838","2"
"3-n839","3-n839","3"
"3-n840","3-n840","1"
"3-n840","3-n841","2"
"3-n840","3-n842","4"
"3-n841","3-n840","1"
"3-n841","3-n841","2"
"3-n841","3-n842","4"
"3-n842","3-n840","1"
"3-n842","3-n841","2"
"3-n842","3-n842","4"
"3-n843","3-n843","1"
"3-n843","3-n844","2"
"3-n844","3-n843","1"
"3-n844","3-n844","2"
"3-n845","3-n845","1"
"3-n846","3-n846","1"
"3-n846","3-n847","2"
"3-n847","3-n846","1"
"3-n847","3-n847","2"
"3-n848","3-n848","1"
"3-n848","3-n849","2"
"3-n848","3-n849f","3"
"3-n849","3-n848","1"
"3-n849","3-n849","2"
"3-n849","3-n849f","3"
"3-n849f","3-n848","1"
"3-n849f","3-n849","2"
"3-n849f","3-n849f","3"
"3-n850","3-n850","1"
"3-n850","3-n851","2"
"3-n851","3-n850","1"
"3-n851","3-n851","2"
"3-n852","3-n852","1"
"3-n852","3-n853","2"
"3-n853","3-n852","1"
"3-n853","3-n853","2"
"3-n854","3-n854","1"
"3-n854","3-n855","2"
"3-n855","3-n854","1"
"3-n855","3-n855","2"
"3-n856","3-n856","1"
"3-n856","3-n857","2"
"3-n856","3-n858","3"
"3-n857","3-n856","1"
"3-n857","3-n857","2"
"3-n857","3-n858","3"
"3-n858","3-n856","1"
"3-n858","3-n857","2"
"3-n858","3-n858","3"
"3-n859","3-n859","1"
"3-n859","3-n860","2"
"3-n859","3-n861","3"
"3-n860","3-n859","1"
"3-n860","3-n860","2"
"3-n860","3-n861","3"
"3-n861","3-n859","1"
"3-n861","3-n860","2"
"3-n861","3-n861","3"
"3-n862","3-n263g","1"
"3-n862","3-n264g","2"
"3-n862","3-n862","3"
"3-n863","3-n52g","1"
"3-n863","3-n863","2"
"3-n864","3-n222g","1"
"3-n864","3-n864","2"
"3-n865","3-n83g","1"
"3-n865","3-n865","2"
"3-n866","3-n439","1"
"3-n866","3-n122","2"
"3-n866","3-n122g","3"
"3-n866","3-n866","4"
"3-n867","3-n562g","1"
"3-n867","3-n867","2"
"3-n868","3-n868","1"
"3-n868","3-n869","2"
"3-n869","3-n868","1"
"3-n869","3-n869","2"
"3-n870","3-n870","1"
"3-n871","3-n871","1"
"3-n872","3-n872","1"
"3-n872","3-n873","2"
"3-n873","3-n872","1"
"3-n873","3-n873","2"
"3-n874","3-n874","1"
"3-n875","3-n875","1"
"3-n875f","3-n875f","1"
"3-n876","3-n876","1"
"3-n876f","3-n876f","1"
"3-n877","3-n877","1"
"3-n878","3-n878","1"
"3-n878","3-n879","2"
"3-n879","3-n878","1"
"3-n879","3-n879","2"
"3-n880","3-n880","1"
"3-n881","3-n881","1"
"3-n882","3-n882","1"
"3-n883","3-n883","1"
"3-n884","3-n884","1"
"3-n885","3-n885","1"
"3-n885","3-n886","2"
"3-n885","3-n887","3"
"3-n886","3-n885","1"
"3-n886","3-n886","2"
"3-n886","3-n887","3"
"3-n887","3-n885","1"
"3-n887","3-n886","2"
"3-n887","3-n887","3"
"3-n888","3-n888","1"
"3-n888f","3-n888f","1"
"3-n889","3-n889","1"
"3-n889f","3-n889f","1"
"3-n890","3-n890","1"
"3-n890f","3-n890f","1"
"3-n891","3-n891","1"
"3-n891","3-n892","2"
"3-n891","3-n892r","3"
"3-n892","3-n891","1"
"3-n892","3-n892","2"
"3-n892","3-n892r","3"
"3-n892r","3-n891","1"
"3-n892r","3-n892","2"
"3-n892r","3-n892r","3"
"3-n893","3-n893","1"
"3-n894","3-n894","1"
"3-n895","3-n895","1"
"3-n896","3-n896","1"
"3-n897","3-n897","1"
"3-n898","3-n898","1"
"3-n898w","3-n898w","1"
"3-n898b","3-n898b","1"
